id,name,artist,album
TR:90539736,Already Over,Sabrina Carpenter,emails i can’t send fwd:
TR:15688742,Do It All for You,Alan Walker,Different World
TR:62934366,I'm Yours (Original Version),Alessia Cara,Know-It-All (Deluxe)
TR:2405878,Women's Sexual Fantasies,Neal Brennan,Women and Black Dudes
TR:32480678,Napkins in Asia - Asian American,Jim Gaffigan,The Pale Tourist
TR:12694862,Living With Women,Andrew Schulz,5:5:1
TR:15688735,Lily,"Alan Walker, K-391 & Emelie Hollow",Different World
TR:85320112,ray of truth,Ayumi Hamasaki,Remember you
TR:34670424,Glad,Tori Kelly,Solitude
TR:73296476,Dearest,Ayumi Hamasaki,Dearest
TR:12694860,Egypt Pyramids,Andrew Schulz,5:5:1
TR:787735,I Wanna Be With You,Mandy Moore,Center Stage (Soundtrack)
TR:62944924,Bam Bam (feat. Ed Sheeran),Camila Cabello,Familia
TR:48997555,A Little Space,Pentatonix,The Lucky Ones (Deluxe)
TR:13697361,goodnight n go,Ariana Grande,Sweetener
TR:49360269,Middle Ground (feat. CHIKA),Alessia Cara,In The Meantime
TR:20014913,Can You Feel the Love Tonight,Pentatonix,Can You Feel the Love Tonight (Single)
TR:35800131,Mad World,Pentatonix,Mad World (Single)
TR:80099499,homura,LiSA,LANDER
TR:2179476,One Day More,Les Miserables Cast (Motion Picture),Les Misérables: The Motion Picture Soundtrack Deluxe (Deluxe Edition)
TR:11468616,Stay,Pentatonix,"PTX Presents: Top Pop, Vol. I"
TR:25245069,Until Forever,Tori Kelly,Inspired by True Events (Deluxe Edition)
TR:25245063,Coffee,Tori Kelly,Inspired by True Events (Deluxe Edition)
TR:48997560,It's Different Now,Pentatonix,The Lucky Ones (Deluxe)
TR:15103705,A Million Dreams,P!nk,A Million Dreams (Single)
TR:96912,Cry,Mandy Moore,Mandy Moore
TR:12982351,First Love,Hikaru Utada,First Love
TR:40518887,Skin,Sabrina Carpenter,Skin (Single)
TR:34670423,Unbothered,Tori Kelly,Solitude
TR:7246301,I Dreamed A Dream,Patti LuPone,Les Misérables Highlights (Original London Cast Recording)
TR:9827490,"Wind in My Hair (From ""Tangled: Before Ever After"")",Mandy Moore,"Wind in My Hair (From ""Tangled: Before Ever After"")"
TR:15462966,Rewrite The Stars,James Arthur & Anne-Marie,The Greatest Showman: Reimagined
TR:52679020,I Still Haven’t Found What I’m Looking For,Scarlett Johansson & Bono,Sing 2 (Original Motion Picture Soundtrack)
TR:48997553,Coffee In Bed,Pentatonix,The Lucky Ones (Deluxe)
TR:38657836,Gurenge - From THE FIRST TAKE,LiSA,Gurenge - From THE FIRST TAKE (Single)
TR:25245067,Minute To Myself,Tori Kelly,Inspired by True Events (Deluxe Edition)
TR:48997552,Love Me When I Don't,Pentatonix,The Lucky Ones (Deluxe)
TR:3108532,Darling I'm a Mess,Sabrina Carpenter,Eyes Wide Open
TR:12066638,"Ready Steady Go (From ""Fullmetal Alchemist"")",AmaLee,Nostalgia IV
TR:15109525,When You Believe,Pentatonix & Maren Morris (Holiday),Christmas Is Here!
TR:13575774,"Resonance (From ""Soul Eater"")",AmaLee,Nostalgia V
TR:15228550,Catch the Moment,LiSA,LiTTLE DEViL PARADE
TR:13575771,"Masayume Chasing (From ""Fairy Tail"")",AmaLee,Nostalgia V
TR:25245068,Sorry Would Go A Long Way,Tori Kelly,Inspired by True Events (Deluxe Edition)
TR:13575773,"Rain (From ""Fullmetal Alchemist: Brotherhood"")",AmaLee,Nostalgia V
TR:12066644,"The Musician's Score - 14th Melody (From ""D.Gray Man"")",AmaLee,Nostalgia IV
TR:5473188,Love's Just a Feeling (feat. Rooty),Lindsey Stirling,Brave Enough
TR:1376390,Reflection,Lea Salonga (Children's),Mulan (Original Soundtrack)
TR:13194088,Side To Side (feat. Nicki Minaj),Ariana Grande,Dangerous Woman
TR:195822,Only Hope,Mandy Moore,The Best of Mandy Moore
TR:11468612,Despacito x Shape Of You,Pentatonix,"PTX Presents: Top Pop, Vol. I"
TR:5570955,LIFE,YUI,Green Garden Pop
TR:5569380,"September (from DreamWorks Animation's ""TROLLS"")","Justin Timberlake, Anna Kendrick & Earth, Wind & Fire",TROLLS (Original Motion Picture Soundtrack)
TR:12066637,"Blue Bird (From ""Naruto Shippuden"")",AmaLee,Nostalgia IV
TR:2289755,Bad Boys (feat. Victoria Justice),Victorious Cast,Victorious 3.0 - Even More Music From The Hit TV Show
TR:4545042,Take Me Home,Pentatonix,Pentatonix (Deluxe Version)
TR:3041306,True Love (Piano Duet),Dove Cameron and Jordan Fisher,Liv and Maddie (Music from the TV Series)
TR:15590613,All We Know,Alessia Cara,The Pains Of Growing
TR:5594906,Space,Sabrina Carpenter,EVOLution
TR:25245061,Until I Think Of You,Tori Kelly,Inspired by True Events (Deluxe Edition)
TR:5377998,First Things First,Aparna Nancherla,Just Putting It Out There
TR:2750590,Throw Back Thursday,Liz Miele,Emotionally Exhausting
TR:5264519,Dick Pics,Rachel Feinstein,Only Whores Wear Purple
TR:5285013,Maiden Name,Nikki Glaser,Perfect
TR:4368442,Will I Love All My Children?,Natasha Leggero,Live at Bimbo's
TR:9033960,Cake And Chicken,Jackie Kashian,It Is Never Going To Be Bread (Explicit)
TR:4368441,Costco Glamour,Natasha Leggero,Live at Bimbo's
TR:3037088,A Dream Is a Wish Your Heart Makes,Lily James,Cinderella (Original Motion Picture Soundtrack)
TR:5610966,"Determinate (From ""Lemonade Mouth"")","Adam Hicks, Bridgit Mendler, Naomi Scott & Hayley Kiyoko",Lemonade Mouth
TR:1211189,Day By Day,Jeff Bjorck,This I Know: Ageless Hymns Of Faith
TR:5610960,Somebody,Bridgit Mendler,Lemonade Mouth
TR:1151281,Fields Of Sage,Ronda,To Another Place
TR:558172,Living In Love,Lisa Lynne,Hopes & Dreams
TR:5091634,Einaudi: Nuvole Bianche,Ludovico Einaudi,Islands - Essential Einaudi (Deluxe Version)
TR:14585104,The Fire Within (feat. The Rogue Pianist),Jennifer Thomas,The Fire Within
TR:1628450,A Melody,Ralph Zurmuhle,Our Mother
TR:5658337,Celloopa,The Piano Guys,Uncharted
TR:13194089,Moonlight,Ariana Grande,Dangerous Woman
TR:21839798,Mona Lisa,Josh Vietti,Strings Attached
TR:1415860,Fly to Your Heart,Selena Gomez (Children's),Tinker Bell and the Lost Treasure
TR:34670420,Value,Tori Kelly,Solitude
TR:33816357,Don’t Start Now,Vitamin String Quartet,VSQ Performs The Hits Of 2020
TR:9778721,"White Light (From ""Tales of Zestiria"")",AmaLee,"Total Coverage, Vol. 1"
TR:46188968,Save Your Tears,Simply Three,Volume 5
TR:14634487,Limitless,The Piano Guys,Limitless
TR:1072820,Lux Aeterna,Clint Mansell & Kronos Quartet,Requiem for a Dream / OST
TR:13642761,Despacito,2CELLOS,Let There Be Cello
TR:14634482,Epiphany,The Piano Guys,Limitless
TR:757073,Planxty Ellie Murphy,Colcannon,Some Foreign Land
TR:1728026,Papillon,Secret Garden,Songs From A Secret Garden
TR:750831,Drowsy Maggie,Acoustic Eidolon,Live To Dance
TR:11114761,A Million Dreams (Reprise),"Austyn Johnson, Cameron Seely & Hugh Jackman",The Greatest Showman (Original Motion Picture Soundtrack)
TR:11772646,Will You Be There,Boyce Avenue,"Cover Sessions, Vol. 2"
TR:5610964,More Than a Band,"Adam Hicks, Naomi Scott, Blake Michael, Bridgit Mendler & Hayley Kiyoko",Lemonade Mouth
TR:1557905,Rejoice,Michele McLaughlin,Out Of The Darkness
TR:10024633,You're The Reason (Feat. Victoria Justice) (Acoustic Version),Victorious Cast,You're The Reason
TR:1557894,Forsaken,Michele McLaughlin,Out Of The Darkness
TR:276383,Snow Line,Jia Peng Fang,Faraway
TR:1254052,Concerning Hobbits,Howard Shore,The Lord of the Rings: The Fellowship of the Ring (Original Motion Picture Soundtrack)
TR:36963712,"The Banjo Beat, Pt. 1",Ricky Desktop,"The Banjo Beat, Pt. 1 (Single)"
TR:5610958,Turn Up the Music,"Adam Hicks, Naomi Scott, Blake Michael, Bridgit Mendler & Hayley Kiyoko",Lemonade Mouth
TR:1064477,The Eternal City,Michele McLaughlin,Dedication
TR:21706005,Foreverglow,Lindsey Stirling,Artemis
TR:21800554,"ONE SHOT, TWO SHOT",BoA,"ONE SHOT, TWO SHOT - The 1st Mini Album"
TR:11831118,Dad,Neal Brennan,3 Mics (Explicit)
TR:2681866,Only 1,Ariana Grande,My Everything (Deluxe)
TR:34099962,"Let Me Move You (From the Netflix film ""Work It"")",Sabrina Carpenter,Let Me Move You (From the Netflix film Work It)
TR:9775750,"Sora (From ""Escaflowne"")",AmaLee,Nostalgia
TR:13575770,"Silhouette (From ""Naruto Shippuden"")",AmaLee,Nostalgia V
TR:144400,"Can You Feel the Love Tonight (From ""The Lion King"" / Soundtrack Version)","Joseph Williams, Sally Dworsky, Nathan Lane, Ernie Sabella & Kristle Edwards (Children's)",The Lion King: Special Edition
TR:3036348,The Real Crazy People,Katt Williams,Priceless
TR:16629674,The Sound of Silence,Pentatonix,The Sound of Silence (Single)
TR:2912228,Your Soul,Hippie Sabotage,The Sunny Album (Deluxe Edition)
TR:6330688,Hikari (Ray Of Hope Mix),Hikaru Utada,Simple And Clean (Ray Of Hope Mix)
TR:1275589,Dreamland,Jim Wilson,Beneath the Olympian Skies
TR:9984358,Over The Rainbow,Pentatonix,PTX Vol. IV - Classics
TR:4526471,Good For You (feat. A$AP Rocky),Selena Gomez,Revival (Deluxe)
TR:5569383,Get Back Up Again,Anna Kendrick,TROLLS (Original Motion Picture Soundtrack)
TR:11194473,Cake By The Ocean,The Bellas,Pitch Perfect 3 (Original Motion Picture Soundtrack)
TR:11751374,Echo (feat. dj-Jo),AmaLee,"Total Coverage, Vol. 4"
TR:5005597,Where I Belong (Intro),Tori Kelly,Unbreakable Smile
TR:62934363,Here (2:00 AM Version),Alessia Cara,Know-It-All (Deluxe)
TR:5005612,Something Beautiful,Tori Kelly,Unbreakable Smile
TR:388158,Real Me,Ayumi Hamasaki,Rainbow
TR:5478797,Teaching,Noah Gardenswartz,Blunt
TR:2405865,Technology,Neal Brennan,Women and Black Dudes
TR:5579424,Debit Card,Hannibal Buress,Animal Furnace
TR:1682903,Accents,Aries Spears,"Hollywood, Look I'm Smiling"
TR:11025749,Three Frames And Gutter Bumpers,Chad Daniels,Busy Being Awesome (Explicit)
TR:1696342,Pigeons Get Murked / Family Stuff,Hannibal Buress,My Name Is Hannibal
TR:11025746,The Gross Pillow,Chad Daniels,Busy Being Awesome (Explicit)
TR:5894931,Men and Women Are Vastly Different from Each Other,Hannibal Buress,My Name is Hannibal (Explicit)
TR:2405867,Catholic School,Neal Brennan,Women and Black Dudes
TR:5568615,The Way (feat. Mac Miller),Ariana Grande,Yours Truly
TR:14305129,"""Wetten, dass..?"" Medley",Pentatonix,"""Wetten, dass..?"" Medley (Single)"
TR:9778725,"Anna Ni Issho Datta No Ni (From ""Gundam Seed"")",AmaLee,"Total Coverage, Vol. 1"
TR:1958063,I'd Eat Them Both,Kelly McCarron,I'd Eat Them Both!
TR:5569382,Move Your Feet / D.A.N.C.E. / It's A Sunshine Day,"Anna Kendrick, Gwen Stefani, James Corden, Ron Funches, Walt Dohrn, Caroline Hjelt, Aino Jawo & Kunal Nayyar",TROLLS (Original Motion Picture Soundtrack)
TR:15243118,Paris,Sabrina Carpenter,Singular Act I
TR:45036289,Leave Me Lonely (feat. Macy Gray),Ariana Grande,Dangerous Woman (Edited)
TR:34670422,Time Flies,Tori Kelly,Solitude
TR:2352507,Dear No One,Tori Kelly,Foreword (Single)
TR:18589158,Speechless (Part 2),Naomi Scott,Aladdin (Original Motion Picture Soundtrack)
TR:11114760,Never Enough (Reprise),Loren Allred,The Greatest Showman (Original Motion Picture Soundtrack)
TR:20119481,In My Bed,Sabrina Carpenter,Singular Act II
TR:2681855,One Last Time,Ariana Grande,My Everything (Deluxe)
TR:11305128,Consequences,Camila Cabello,Camila
TR:15243121,Almost Love,Sabrina Carpenter,Singular Act I
TR:11831103,One Liners #1,Neal Brennan,3 Mics (Explicit)
TR:2472299,Hairy Penines,Chad Daniels,Natural Selection (Explicit)
TR:11831123,Netflix Ratings,Neal Brennan,3 Mics (Explicit)
TR:11025745,Genesis 43:23,Chad Daniels,Busy Being Awesome (Explicit)
TR:2472295,Pitcher Picture,Chad Daniels,Natural Selection (Explicit)
TR:11025734,Crap Ass Slut Ass,Chad Daniels,Busy Being Awesome (Explicit)
TR:11025741,Old People Cause Global Warming,Chad Daniels,Busy Being Awesome (Explicit)
TR:5495091,Sex,Kevin Hart,Seriously Funny (Explicit)
TR:11305131,Real Friends,Camila Cabello,Camila
TR:5473194,Gavi's Song,Lindsey Stirling,Brave Enough
TR:11831124,Football,Neal Brennan,3 Mics (Explicit)
TR:2681854,Problem (feat. Iggy Azalea),Ariana Grande,My Everything (Deluxe)
TR:21706007,Guardian,Lindsey Stirling,Artemis
TR:14305285,Standing By,Pentatonix,PTX
TR:15293335,"CAN'T STOP THE FEELING! (from DreamWorks Animation's ""TROLLS"")",Justin Timberlake,Feel Good Friday
TR:11751379,"Gravity Wall (From ""Re:Creators"")",AmaLee,"Total Coverage, Vol. 4"
TR:12727299,Selifes Killed the Autograph,Scott Thompson,Not a Fan (Explicit)
TR:2078525,I Would Never Commit To It,Nate Bargatze,Yelled At By A Clown
TR:2158002,"That's How You Know (From ""Enchanted""/Soundtrack Version)",Amy Adams (Children's),Enchanted
TR:10582879,Issues,Julia Michaels,Nervous System
TR:1983519,Clifford the Big Red Dog,Louis CK,Live at the Beacon Theater (Explicit)
TR:1905680,Cousin Al,Kevin Hart,Laugh At My Pain
TR:1258397,Observations of Some Favorites,Frank Caliendo,All Over The Place
TR:3017322,Mr. Magic Sticks,Dan Cummins,Chinese Affection (Explicit)
TR:5378004,City Of Strangels,Aparna Nancherla,Just Putting It Out There
TR:1905674,Daughter's Birthday Party,Kevin Hart,Laugh At My Pain
TR:5495094,Storm Out Correctly,Kevin Hart,Seriously Funny (Explicit)
TR:1983521,I Hate This One Kid,Louis CK,Live at the Beacon Theater (Explicit)
TR:1688338,Dessert / Cake,Jim Gaffigan,Beyond The Pale
TR:1586975,Presents,Jim Gaffigan,Beyond The Pale
TR:1905677,Spelling Bee,Kevin Hart,Laugh At My Pain
TR:2750586,Yelp Review,Liz Miele,Emotionally Exhausting
TR:9034015,Guy Funny,Jackie Kashian,It Is Never Going To Be Bread (Explicit)
TR:1924103,Talking Dirty,Rachel Feinstein,Thug Tears
TR:48162867,Merry Christmas Mr. Lawrence,"Ryuichi Sakamoto, Jaques Morelenbaum & Judy Kang",THREE
TR:1339402,The Empty Restaurant,Joe Hisaishi,Spirited Away
TR:11359514,Stand By Me,Skylar Grey,Stand By Me (Single)
TR:971939,My Immortal,Scott D. Davis,Rockfluence
TR:13947438,Wonderland,Taylor Swift,1989 (Deluxe Edition)
TR:5608891,Come & Get It,Selena Gomez,Stars Dance (Bonus Track Version)
TR:1423493,Tell Me Something I Don't Know,Selena Gomez & The Scene,Kiss & Tell
TR:5003549,Spirited Away - The Dragon Boy/The Bottomless Pit,Joe Hisaishi,Hisaishi Meets Miyazaki Films
TR:49341716,Hinata vs Neji,MUSASHI PROJECT,NARUTO ORIGINAL SOUNDTRACK 2
TR:9822293,Never Forget You,Zara Larsson & MNEK,So Good
TR:5610962,Here We Go,"Adam Hicks, Bridgit Mendler & Hayley Kiyoko",Lemonade Mouth
TR:1990590,Don't You (Forget About Me) (feat. Victoria Justice),Victorious Cast,Victorious 2.0: More Music From The Hit TV Show
TR:16611283,"thank u, next",Ariana Grande,"thank u, next"
TR:5005604,City Dove,Tori Kelly,Unbreakable Smile
TR:1237145,The Boys Are Back,High School Musical Cast,High School Musical 3: Senior Year
TR:2302082,Tingling,Iliza Shlesinger,War Paint
TR:2535484,Romantic Expectations,Whitney Cummings,I Love You
TR:1990589,Countdown (feat. Leon Thomas III & Victoria Justice),Victorious Cast,Victorious 2.0: More Music From The Hit TV Show
TR:1101703,Better in Time,Leona Lewis,Spirit
TR:2059982,McDonald's (Part 1),Jim Gaffigan,Mr. Universe
TR:2356611,First Date,Louis CK,Oh My God (Explicit)
TR:5556360,Never Be Alone,Shawn Mendes,Handwritten (Deluxe)
TR:13697377,no tears left to cry,Ariana Grande,Sweetener
TR:1505558,Litmus Test,Suzanne Westenhoefer,I'm Not Cindy Brady (Explicit)
TR:4368444,Hipsters and Burning Man,Natasha Leggero,Live at Bimbo's
TR:1559216,Airplanes,Ellen Degeneres,Taste This
TR:6561475,Hip Hop,Natasha Leggero,Coke Money
TR:1663629,"Yes, I Own Cats / I'm A Sexy Drunk / Late Bloomer",Jessi Campbell,Winner Winner
TR:9085897,"Cnn, The News and the Olympics",Judy Gold,Judith's Roommate Had a Baby (Explicit)
TR:9085889,"My Mother, Without Whom I'd Have No Act",Judy Gold,Judith's Roommate Had a Baby (Explicit)
TR:2473932,Lesbian Shop Teachers,Dana Goldberg,Crossing The Line
TR:1837480,Track 11 (Part 2),Suzanne Westenhoefer,Nothing In My Closet But My Clothes (Explicit)
TR:11038160,Moonlight,Grace VanderWaal,Just The Beginning
TR:2750579,Couch Feelings,Liz Miele,Emotionally Exhausting
TR:9699006,Game Mechanics,Jackie Kashian,I Am Not the Hero of This Story (Explicit)
TR:2386042,My Trip to Maine,Tracey Ashley,Two First Names (Explicit)
TR:1674303,Married Couples,Anjelah Johnson,That's How We Do It!
TR:2419263,Mad World,Jasmine Thompson,Mad World (Single)
TR:5738661,Light The Sky,Grace VanderWaal,Perfectly Imperfect
TR:13079738,Freedom! '90,The Bellas,Pitch Perfect 3 (Original Motion Picture Soundtrack - Special Edition)
TR:5738662,Beautiful Thing,Grace VanderWaal,Perfectly Imperfect
TR:14305281,Hey Momma / Hit the Road Jack,Pentatonix,PTX
TR:11468614,Perfect,Pentatonix,"PTX Presents: Top Pop, Vol. I"
TR:1211200,Softly And Tenderly Jesus Is Calling,Jeff Bjorck,This I Know: Ageless Hymns Of Faith
TR:2365653,Love Again,Pentatonix,"PTX, Vol. 2"
TR:1610840,Ilaldo,Martin Lawrence,Live Talkin' Sh-- (Explicit)
TR:11289046,Permission to Swear,Dan Cummins,Maybe I'm the Problem (Explicit)
TR:1600180,Haters,Katt Williams,"Pimp Chronicles, Pt. 1 (Explicit)"
TR:1682904,Italians,Aries Spears,"Hollywood, Look I'm Smiling"
TR:1905673,Disneyland Birthday Party,Kevin Hart,Laugh At My Pain
TR:1602645,Ice Cream Man,Eddie Murphy (Comedy),Greatest Comedy Hits (Explicit)
TR:3036346,Church/Atheists,Katt Williams,Priceless
TR:5264507,Buff,Daniel Tosh,People Pleaser
TR:1602648,Cumin' Hard,Eddie Murphy (Comedy),Greatest Comedy Hits (Explicit)
TR:2472294,Natural Selection,Chad Daniels,Natural Selection (Explicit)
TR:10489061,Jeannie,Jim Gaffigan,Cinco
TR:10740860,Wheelchair Accessible And The Conjuring,Kevin Hart,What Now?
TR:1682900,Raising Kids,Aries Spears,"Hollywood, Look I'm Smiling"
TR:5264511,Moss,Daniel Tosh,People Pleaser
TR:5264509,Coquelicot,Daniel Tosh,People Pleaser
TR:5264513,Puce,Daniel Tosh,People Pleaser
TR:1541128,Politics And Racism,Eddie Murphy (Comedy),Eddie Murphy: Comedian (Explicit)
TR:10740863,You Put This In My Bag,Kevin Hart,What Now?
TR:1541123,Singers,Eddie Murphy (Comedy),Eddie Murphy: Comedian (Explicit)
TR:10514452,Whitewater Rafting,Kevin Hart,I'm A Grown Little Man (Explicit)
TR:1541126,The Barbeque,Eddie Murphy (Comedy),Eddie Murphy: Comedian (Explicit)
TR:9675877,Hollywood,Katt Williams,"Pimp Chronicles, Pt. 1"
TR:1699573,Drinking Fathers / Effrom,Eddie Murphy (Comedy),Eddie Murphy (Explicit)
TR:1588914,Commercials,Katt Williams,Live: Let A Playa Play (Explicit)
TR:1699563,Pimp Decisions / 'xmas,Katt Williams,Live: Let A Playa Play (Explicit)
TR:5495090,Does This Make Me Gay?,Kevin Hart,Seriously Funny (Explicit)
TR:3036345,Human Rights,Katt Williams,Priceless
TR:1905682,Taking It With Him,Kevin Hart,Laugh At My Pain
TR:1844558,Video Killed the Radio Star,Pentatonix,"The Sing-Off: Season 3, Episode 5 - Guilty Pleasures"
TR:1600185,Michael Jackson (2006),Katt Williams,"Pimp Chronicles, Pt. 1 (Explicit)"
TR:2070264,Domestic Abuse (GH Version),Chris Rock,Cheese And Crackers - The Greatest Bits
TR:1602649,Skeleton In Closet,Eddie Murphy (Comedy),Greatest Comedy Hits (Explicit)
TR:1699571,Faggots / Buckwheat,Eddie Murphy (Comedy),Eddie Murphy (Explicit)
TR:1682899,Airport Horror Films,Aries Spears,"Hollywood, Look I'm Smiling"
TR:10514458,Women Push Your Buttons,Kevin Hart,I'm A Grown Little Man (Explicit)
TR:6878873,On the Loose (Side 2),Redd Foxx,On The Loose: Recorded Live! (Single) (Explicit)
TR:5495087,My Biggest Fear,Kevin Hart,Seriously Funny (Explicit)
TR:1699572,Black Movie Theatres / Talking Cars,Eddie Murphy (Comedy),Eddie Murphy (Explicit)
TR:10514451,Phobias,Kevin Hart,I'm A Grown Little Man (Explicit)
TR:1700189,Crack Dealers / Shopping In Cincinnati / Haters In Cincinnati / Spinner Rims #1 / Katt Williams' Day,Katt Williams,Live: Let A Playa Play (Explicit)
TR:1905681,Funeral,Kevin Hart,Laugh At My Pain
TR:1682896,Speak English,Aries Spears,"Hollywood, Look I'm Smiling"
TR:10514461,Damn Kids,Kevin Hart,I'm A Grown Little Man (Explicit)
TR:1588922,Relationships,Katt Williams,Live: Let A Playa Play (Explicit)
TR:1602647,Hit By A Car,Eddie Murphy (Comedy),Greatest Comedy Hits (Explicit)
TR:1774445,Make It Shine (Victorious Theme) (feat. Victoria Justice),Victorious Cast,Victorious: Music From The Hit TV Show
TR:2361574,Mirrors,Anthem Lights,"Anthem Lights Covers, Pt. II"
TR:10107902,Say Something,Jasmine Thompson,Another Bundle of Tantrums
TR:9799348,"Crossing Field (From ""Sword Art Online"")",AmaLee,Link Start
TR:10107899,All of Me,Jasmine Thompson,Another Bundle of Tantrums
TR:2170428,Stay,Megan Nicole,Stay (Single)
TR:5359914,7 Years,Jasmine Thompson,7 Years (Single)
TR:9799350,"Overfly (From ""Sword Art Online"")",AmaLee,Link Start
TR:7072670,"Flashlight (From ""Pitch Perfect 2"" Soundtrack)",Jessie J,Pitch Perfect 2 - Special Edition (Original Motion Picture Soundtrack)
TR:2466239,Babies Are Magic,Jim Gaffigan,Obsessed
TR:2466235,Bars,Jim Gaffigan,Obsessed
TR:10107896,I See Fire,Jasmine Thompson,Another Bundle of Tantrums
TR:14305280,Somebody That I Used to Know,Pentatonix,PTX
TR:2462498,Brothers (Fullmetal Alchemist),Taylor Davis,Gaming Fantasy
TR:5548500,Try,Colbie Caillat,Gypsy Heart
TR:9962181,Best Of 2011: Just The Way You Are / For The First Time / Someone Like You / Superbass / Grenade / Without You,Anthem Lights,Best Of The Year Medleys: 2007 - 2012
TR:10107894,A Thousand Years,Jasmine Thompson,Another Bundle of Tantrums
TR:11772579,Perfect,Boyce Avenue,"Cover Sessions, Vol. 2"
TR:2169946,The A Team,Megan Nicole,The A Team (Single)
TR:10107904,Rather Be,Jasmine Thompson,Another Bundle of Tantrums
TR:1265943,A Drop in the Ocean,Ron Pope,Daylight
TR:4526623,Like I'm Gonna Lose You,Jasmine Thompson,Like I'm Gonna Lose You (Single)
TR:33264406,How Far I'll Go (Alessia Cara Version),Alessia Cara,Moana (Originalnyi Saundtrek)
TR:14305298,I Need Your Love,Pentatonix,PTX
TR:3018735,heartsigh,Purity Ring,another eternity
TR:1977756,I Choose To Love You,Sistar,Alone
TR:2361575,Roar,Anthem Lights,"Anthem Lights Covers, Pt. II"
TR:4545033,Can't Sleep Love,Pentatonix,Pentatonix (Deluxe Version)
TR:11734445,Love Me Like You Do,Boyce Avenue,"Cover Sessions, Vol. 4"
TR:50634795,"Hallelujah (From ""Sing"" Original Motion Picture Soundtrack)",Tori Kelly,A Tori Kelly Christmas (Deluxe)
TR:4545048,Can't Sleep Love (feat. Tink),Pentatonix,Pentatonix (Deluxe Version)
TR:7072673,"World Championship Finale 2 (From ""Pitch Perfect 2"" Soundtrack)",The Barden Bellas,Pitch Perfect 2 - Special Edition (Original Motion Picture Soundtrack)
TR:4545035,Misbehavin',Pentatonix,Pentatonix (Deluxe Version)
TR:14305293,Say Something,Pentatonix,PTX
TR:10107893,Demons,Jasmine Thompson,Another Bundle of Tantrums
TR:5612118,When I Was Your Man (Female Version When You Were My Man),Madilyn Bailey,"The Covers, Vol. 5"
TR:2727712,Little Do You Know,Alex & Sierra,It's About Us
TR:2527669,Let It Go,Anthem Lights,Covers Part III
TR:2350556,Let Her Go,Jasmine Thompson,Bundle of Tantrums
TR:4545034,Sing,Pentatonix,Pentatonix (Deluxe Version)
TR:1937243,Zelda Medley,Lindsey Stirling,Zelda Medley (Single)
TR:1682309,Hit 'Em Up Style,Low Key,BOCA 2011: Best Of College A Cappella
TR:1440007,Sources,Jquintel,Jquintel : Select Singles
TR:5797623,Bad Romance,On the Rocks,The Sing-Off: Season 2 - Episode 1 - Signature Songs
TR:6613170,Dynamite,Rogue,Monstercat - Best of Electro Vol. 2
TR:10628652,Awaken,Damien Escobar,Boundless
TR:2512828,One Minute (Instrumental),Moleman,Threshold EP
TR:1790010,Apologize,University of North Carolina Loreleis,Voices Only 2009 College A Cappella (Disc 2)
TR:2469737,Fairy Tail [Piano] (Remix),Kaleptik,"Anime Remixes, Vol. 1"
TR:1684611,Flashpoint,Luke Wieting,Currents
TR:5791106,As Long As You Love Me,Anthem Lights,Anthem Lights Covers
TR:2361576,What About Love,Anthem Lights,"Anthem Lights Covers, Pt. II"
TR:7379528,Don't Stop The Music,The Treblemakers,Ultimate Pitch Perfect (Original Motion Picture Soundtrack)
TR:2361578,Best Of 2013 Mash-Up,Anthem Lights,"Anthem Lights Covers, Pt. II"
TR:7072662,"Kennedy Center Performance (From ""Pitch Perfect 2"" Soundtrack)",The Barden Bellas,Pitch Perfect 2 - Special Edition (Original Motion Picture Soundtrack)
TR:2008282,Love You Long Time,Pentatonix,"PTX, Vol. 1"
TR:7379518,Right Round (feat. Kay),The Treblemakers,Ultimate Pitch Perfect (Original Motion Picture Soundtrack)
TR:5517982,I'm Yours / Somewhere over the Rainbow,Straight No Chaser,With a Twist (Deluxe)
TR:5447751,Fight Song (Acoustic),Rachel Platten,Fight Song (Acoustic) (Single)
TR:7379510,Bellas Finals: Price Tag/Don’t You (Forget About Me)/Give Me Everything/Just The Way You Are/Party In The U.S.A./Turn The Beat Around,The Barden Bellas,Ultimate Pitch Perfect (Original Motion Picture Soundtrack)
TR:7379526,Cups (Movie Version),Anna Kendrick,Ultimate Pitch Perfect (Original Motion Picture Soundtrack)
TR:5791109,This I Promise You,Anthem Lights,Anthem Lights Covers
TR:2321904,Titanium,Madilyn Bailey,"The Covers, Vol. 2"
TR:2361573,Heart Attack,Anthem Lights,"Anthem Lights Covers, Pt. II"
TR:1682909,Sex,Aries Spears,"Hollywood, Look I'm Smiling"
TR:1588917,Married Vs. Single,Katt Williams,Live: Let A Playa Play (Explicit)
TR:5495092,Road Manager,Kevin Hart,Seriously Funny (Explicit)
TR:1541125,Modern Women,Eddie Murphy (Comedy),Eddie Murphy: Comedian (Explicit)
TR:1905686,Dancing At The Club,Kevin Hart,Laugh At My Pain
TR:1682907,Schwarzenegger,Aries Spears,"Hollywood, Look I'm Smiling"
TR:1905672,Financial Lane,Kevin Hart,Laugh At My Pain
TR:1682905,Blacks In Hollywood,Aries Spears,"Hollywood, Look I'm Smiling"
TR:5688052,Fighting Food Chain,Eddie Griffin,You Can Tell 'Em I Said It
TR:2070253,Blacks (GH Version),Chris Rock,Cheese And Crackers - The Greatest Bits
TR:1600177,Self Esteem,Katt Williams,"Pimp Chronicles, Pt. 1 (Explicit)"
TR:5495093,One Of My Biggest Fears,Kevin Hart,Seriously Funny (Explicit)
TR:1676276,Say No To Drugs / Big Boned Women / Dyeing Witherspoon's Hair / Ear Piercing / Pedicure,John Witherspoon,You Got To Coordinate
TR:1541130,Tv,Eddie Murphy (Comedy),Eddie Murphy: Comedian (Explicit)
TR:1588909,"""Weed""",Katt Williams,Live: Let A Playa Play (Explicit)
TR:6673610,Affirmative Action (Live),Chris Rock,Never Scared
TR:1541124,Ice Cream Man And Shoe Throwin' Mothers,Eddie Murphy (Comedy),Eddie Murphy: Comedian (Explicit)
TR:1544884,Driving Too Slow,Chris Rock,Born Suspect (Explicit)
TR:1541122,Faggots Revisited And Sexual Prime,Eddie Murphy (Comedy),Eddie Murphy: Comedian (Explicit)
TR:1839145,20 Million Dollars?,Aries Spears,I Ain't Scared
TR:1544883,Prisons,Chris Rock,Born Suspect (Explicit)
TR:1602646,Boxers,Eddie Murphy (Comedy),Greatest Comedy Hits (Explicit)
TR:2209485,Me and My Cello (Happy Together),The Piano Guys,The Piano Guys 2
TR:1360492,Kashmir (feat. Slash),Escala,Escala
TR:739984,Tamlin / Devil In The Strawstack / Farewell To Tchernobyl,Airdance,Flying On Home
TR:3092747,Cut the Kid,Madeon,Adventure (Deluxe)
TR:6672077,Anthem,Emancipator,Soon It Will Be Cold Enough
TR:10560790,Light (Taska Black Remix),San Holo,Light (Remixes)
TR:14815875,Chilled Cream,Blank & Jones,Relax Edition 4
TR:1631411,Delicate,Joey Fehrenbach,Don't Wake Me
TR:9033958,Car And Technology,Jackie Kashian,It Is Never Going To Be Bread (Explicit)
TR:1663642,"Racing Pigeons / Meatloaf / For The Best Time, Call Cameron",Cameron Esposito,Grab Them Aghast
TR:7720822,Adagio For Strings,Tiësto,A State Of Trance - 15 Years
TR:1267886,Diamond In Disguise,Chance's End,The Outsider
TR:10294577,Northern Lights,Ryan Farish,Life in Stereo
TR:5285017,You Own This Pussy,Nikki Glaser,Perfect
TR:5394263,Memory Of A Dead Wife,Emily Maya Mills,By A Thread
TR:1697459,Sleep Disorders / I'm Fat?,Jessi Campbell,Winner Winner
TR:5264529,Alabama / Guns / First Jewish,Rachel Feinstein,Only Whores Wear Purple
TR:1927926,Technophobe,Debra DiGiovanni,"Debra Digiovanni: Single, Awkward, Female (Explicit)"
TR:1505725,"Mea Culpa, Youra Culpa",Kate Clinton,Read These Lips
TR:1506458,Here's Where I Help The Straight Folks Catch Up,Elvira Kurt,Kitten With A Wit (Explicit)
TR:4470425,The General Loser Community,Emily Heller,Good For Her
TR:1925849,My Unstoppable Whore Friends / Puerto Rican Confidence,Rachel Feinstein,Thug Tears
TR:2710595,Street Underwear,Cameron Esposito,Same Sex Symbol
TR:3039275,Teenagers,Sara Schaefer,Chrysalis
TR:4526501,Babysitter's Club,Beth Stelling,Simply The Beth (Explicit)
TR:1927931,Being Single,Debra DiGiovanni,"Debra Digiovanni: Single, Awkward, Female (Explicit)"
TR:1875154,I 8 Suze Orman,Kate Clinton,Climate Change
TR:5264520,Facebook and Judging People,Rachel Feinstein,Only Whores Wear Purple
TR:2710579,Woman Who Doesn't Sleep with Men,Cameron Esposito,Same Sex Symbol
TR:1559214,Children,Ellen Degeneres,Taste This
TR:5285020,Tank Tops,Nikki Glaser,Perfect
TR:2431809,Glasses (Live),Dana Eagle,Because They Asked Me Not to Sing
TR:1917367,Talking To Girls,Sabrina Matthews,"Now, What Was I Saying?"
TR:2452868,Vegas,Erin Foley,Lady with Pockets
TR:4513847,Lifetime Vegetarian,River Butcher,Coming To The Stage: Season 2 Episode 2
TR:2431815,Show Business (Live),Dana Eagle,Because They Asked Me Not to Sing
TR:1693738,Coping,Ophira Eisenberg,As Is
TR:1698615,Track 9 / Track 10,Suzanne Westenhoefer,Nothing In My Closet But My Clothes (Explicit)
TR:8967175,Titty Fun,Rachel Feinstein,Thug Tears
TR:1585834,Intervention,Janeane Garofalo,If You Will (Live In Seattle)
TR:8967159,Vegas Douchery,Rachel Feinstein,Thug Tears
TR:2750582,Fruit And Sadness,Liz Miele,Emotionally Exhausting
TR:8798432,No Guns,Suzanne Westenhoefer,Nothing In My Closet
TR:2466229,Don't Want to Smell,Jim Gaffigan,Obsessed
TR:2431812,Jewish (Live),Dana Eagle,Because They Asked Me Not to Sing
TR:2302090,Snootch,Iliza Shlesinger,War Paint
TR:2431810,Self-Help (Live),Dana Eagle,Because They Asked Me Not to Sing
TR:5555083,Going Mental,Maria Bamford,20%
TR:2431806,Non-Profits (Live),Dana Eagle,Because They Asked Me Not to Sing
TR:2302079,It's a Prison Workout,Iliza Shlesinger,War Paint
TR:5285022,Ball Wipes,Nikki Glaser,Perfect
TR:1927929,Clothes Shopping,Debra DiGiovanni,"Debra Digiovanni: Single, Awkward, Female (Explicit)"
TR:9034006,Traveling,Jackie Kashian,It Is Never Going To Be Bread (Explicit)
TR:2710588,Lesbian Pornography,Cameron Esposito,Same Sex Symbol
TR:2750587,Oktinder,Liz Miele,Emotionally Exhausting
TR:2473936,Homo Milk,Dana Goldberg,Crossing The Line
TR:2431807,Kids (Live),Dana Eagle,Because They Asked Me Not to Sing
TR:1697461,The Food Police / Airplanes And X-Ray Machines / Serious For A Moment,Jessi Campbell,Winner Winner
TR:2386040,Happy Travels,Tracey Ashley,Two First Names (Explicit)
TR:1927934,Retrosexual,Debra DiGiovanni,"Debra Digiovanni: Single, Awkward, Female (Explicit)"
TR:1663636,Whac-A-Mole / Subway Defense Strategy / The Russians,Cameron Esposito,Grab Them Aghast
TR:2431804,Meds (Live),Dana Eagle,Because They Asked Me Not to Sing
TR:2535489,Women vs. Other Women,Whitney Cummings,I Love You
TR:2710592,My Hometown Chicago,Cameron Esposito,Same Sex Symbol
TR:1927933,This Woman Has a Cat,Debra DiGiovanni,"Debra Digiovanni: Single, Awkward, Female (Explicit)"
TR:3039268,Second Tattoo,Sara Schaefer,Chrysalis
TR:2710590,Strip Club Visit,Cameron Esposito,Same Sex Symbol
TR:2600194,Ian Peach,Mae Martin,Live At The SoHo Theater
TR:2386043,Sugar Dealer,Tracey Ashley,Two First Names (Explicit)
TR:1927932,Grow up and Hate Somebody,Debra DiGiovanni,"Debra Digiovanni: Single, Awkward, Female (Explicit)"
TR:2386034,Interracial Marriage,Tracey Ashley,Two First Names (Explicit)
TR:2431811,Pets (Live),Dana Eagle,Because They Asked Me Not to Sing
TR:2452879,Home Birth,Erin Foley,Lady with Pockets
TR:2600203,Turn Ons,Mae Martin,Live At The SoHo Theater
TR:2431814,The South (Live),Dana Eagle,Because They Asked Me Not to Sing
TR:1927928,Getting into Shape,Debra DiGiovanni,"Debra Digiovanni: Single, Awkward, Female (Explicit)"
TR:2063409,12 Steps,Michelle Biloon,You Can Be An Asshole
TR:2445414,Password (Live),Karen Kilgariff,Live At The Bootleg (Explicit)
TR:2431808,Money (Live),Dana Eagle,Because They Asked Me Not to Sing
TR:1998618,Army of Kings,Audiomachine,Chronicles
TR:5473191,The Phoenix,Lindsey Stirling,Brave Enough
TR:5473192,Hold My Heart (feat. ZZ Ward),Lindsey Stirling,Brave Enough
TR:935357,Moonrise,Trace Bundy,Adapt
TR:1331782,Zelda's Theme,Moka (Japan),The Legend Of Zelda: Ocarina Of Time: Re-Arranged Album
TR:3164404,I Want You To Know (feat. Selena Gomez),Zedd,True Colors
TR:2723706,Empire of Angels,Thomas Bergersen,Sun
TR:15535385,La Boca (Remastered),Dominic Miller,First Touch (20th Anniversary Edition)
TR:5264514,Black,Daniel Tosh,People Pleaser
TR:1694157,Cell Phones And Flying (Part 1),Louis CK,Hilarious
TR:2472297,We Should Knock,Chad Daniels,Natural Selection (Explicit)
TR:2466236,Public Restrooms,Jim Gaffigan,Obsessed
TR:1586187,Lazy,Jim Gaffigan,King Baby
TR:5264512,Cerulean,Daniel Tosh,People Pleaser
TR:4677919,Bad at Dancing,Brian Regan,Live from Radio City Music Hall
TR:2472303,Phone Racist,Chad Daniels,Natural Selection (Explicit)
TR:2174392,Fur Elise,Josh Vietti,Modern Symphony 2010
TR:2405872,The N-Word,Neal Brennan,Women and Black Dudes
TR:5711695,KIDStd,Chad Daniels,You're the Best (Explicit)
TR:1694159,Other People's Kids (Part 1),Louis CK,Hilarious
TR:4677903,Tattoos,Brian Regan,Live from Radio City Music Hall
TR:1505246,Big Family Stuff,Brian Regan,Live
TR:5570962,Rolling Star,YUI,Green Garden Pop
TR:9075320,"Now We Are Free (Theme From ""Gladiator"")",Nathan Pacheco,Nathan Pacheco
TR:5764676,The Art Of War,Matias Puumala,The Omega Code
TR:10171924,Leyenda,Vanessa-Mae,Storm
TR:14305287,Rather Be (Clean Bandit Cover),Pentatonix,PTX
TR:1444860,Nevertale,Longing For Orpheus,Othersong
TR:2188055,Only The Winds,Ólafur Arnalds,For Now I Am Winter
TR:10586940,Long: Porcelain,Helen Jane Long,Porcelain
TR:8811610,Cascade,Hyper,We Control
TR:15196588,Sweet Inspiration,Eric Bernard,Dance in the Meadow
TR:21829588,네모난 바퀴 Hope,BoA,Only One
TR:1752030,Moving Mountains,Two Steps From Hell,Invincible
TR:3021351,Augment,Zircon,Getaway
TR:1399323,Tierra Azul (Nordlight Remix),Nordlight,A Deep Dive
TR:36549049,Fortune Days (2020 Remaster),The Glitch Mob,Drink the Sea (10 Year Anniversary Deluxe Edition)
TR:28982364,Allegretto,Bond,Shine
TR:10586945,Expression,Helen Jane Long,Porcelain
TR:1072804,Cleaning Apartment,Clint Mansell & Kronos Quartet,Requiem for a Dream / OST
TR:1557901,Perseverance,Michele McLaughlin,Out Of The Darkness
TR:6797979,Clubbed to Death (Kurayamino Variation),Rob Dougan,Furious Angels (2 CD Set-Enhanced)
TR:57669929,Electric Daisy Violin,DJ Bach Beat,Classical Goes EDM
TR:1360490,Requiem For A Tower,Escala,Escala
TR:28982370,Kashmir,Bond,Shine
TR:2345765,Moon Trance,Lindsey Stirling,Lindsey Stirling (Deluxe Version)
TR:1763782,Smells Like Teen Spirit,2CELLOS,2Cellos
TR:2345768,Elements,Lindsey Stirling,Lindsey Stirling (Deluxe Version)
TR:649175,David's Jig,Natalie MacMaster,Yours Truly
TR:24951385,E,Drunkenmunky,E
TR:5473189,Prism,Lindsey Stirling,Brave Enough
TR:1998617,Road to Glory,Audiomachine,Chronicles
TR:5473196,Something Wild (feat. Andrew McMahon in the Wilderness),Lindsey Stirling,Brave Enough
TR:5473186,Brave Enough (feat. Christina Perri),Lindsey Stirling,Brave Enough
TR:41971671,Sublime,Ferry Corsten,Right Of Way (Deluxe Edition)
TR:4750733,Dye,Tycho,Awake
TR:53184983,Spectre,Alan Walker,Spectre (Single) (Explicit)
TR:508514,3rd Time Lucky,Christopher Lawrence,Subculture 01
TR:1360495,Live And Let Die,Escala,Escala
TR:1283014,"Come, Thou Long Expected Jesus",Jennifer Haines,Blessed Assurance: Solo Piano Hymns
TR:1139024,Sweet Remembrance of You,William Joseph,Beyond
TR:2345767,Transcendence,Lindsey Stirling,Lindsey Stirling (Deluxe Version)
TR:2056551,Toccata And Fugue,Jennifer Thomas,Illumination
TR:5256338,Photograph,Simply Three,Vol. 3
TR:5473195,The Arena,Lindsey Stirling,Brave Enough
TR:374960,Sangria,Benise,Mediterranea
TR:4457021,Koto,ODESZA,In Return (Deluxe Edition)
TR:2998968,Fade,Alan Walker,NCS: Uplifting
TR:2145323,Opposite Side,Castlebed,Color Crush
TR:359644,Dayvan Cowboy,Boards Of Canada,The Campfire Headphase
TR:1833898,Up In The Clouds,MiM0SA,58 Degrees
TR:950299,Memories From The Future,Robert Gitelman & Michael Tsukerman,Night Music Vol. 2
TR:2498299,Don’t Leave (feat. Ellie Goulding),Seven Lions,Worlds Apart
TR:2612164,The Next Episode,Vitamin String Quartet,Crenshaw Classics: VSQ Performs Dr. Dre
TR:15708638,Simple And Clean,Hikaru Utada,Deep River (Remastered 2018)
TR:274850,For Lise,Suzanne Ciani,Silver Ship
TR:1952950,Further Away,Camo & Krooked,Between The Lines
TR:1586194,Deodorant,Jim Gaffigan,King Baby
TR:1545940,Relationship Book,Bill Burr,Emotionally Unavailable
TR:5264506,Goldenrod,Daniel Tosh,People Pleaser
TR:2059981,Working Out (Part 2),Jim Gaffigan,Mr. Universe
TR:49663777,Lovesong,JES,High Glow
TR:7670384,Faded (Tiesto's Northern Lights Remix),Alan Walker,Faded (Remixes)
TR:185374,Portrait,Lucia Micarelli,Music From A Farther Room
TR:676477,Fight Tune ''Girl Named Shelke'',Masashi Hamauzu,Dirge Of Cerberus: Final Fantasy (Soundtrack)
TR:1517831,Kiara,Bonobo,Black Sands
TR:365889,Harappa,E.S. Posthumus,Unearthed
TR:11021978,Somewhere In Time,Danny Wright,Real Romance
TR:765061,The Night Season,David Nevue,Whisperings
TR:665784,Escape 2000 (New Club Mix),Kaycee,Trance Mix USA
TR:749248,Stay with Me (feat. Kronos Quartet),Clint Mansell & Kronos Quartet,The Fountain OST
TR:761930,Sea and Silence,Deuter,Sea & Silence
TR:1914292,4AM (Adam K & Soha Mix),Kaskade,Electric Daisy Carnival Vol. 1 (Mixed By Kaskade)
TR:1423686,Night Time,The xx,xx
TR:780935,Lift Me Up,DJ Jean,Wild Volume 14
TR:1248458,Silver,Conductive Alliance,Conductive Alliance
TR:10586942,Echo,Helen Jane Long,Porcelain
TR:15708435,Making Love,Hikaru Utada,Ultra Blue (Remastered 2018)
TR:77974845,WHATEVER (LOVEppears / appears -20th Anniversary Edition-),Ayumi Hamasaki,LOVEppears / appears -20th Anniversary Edition-
TR:10624074,Venice Industry,Jesper Kyd,Assassin's Creed 2 (Original Game Soundtrack)
TR:365891,Ebla,E.S. Posthumus,Unearthed
TR:2056041,The Wings Of Icarus,Celldweller & James Dooley,Soundtrack For The Voices In My Head Vol. 02
TR:3163034,Fantasy,Alina Baraz & Galimatias,Urban Flora
TR:689837,Norwegian Wood,Lorie Line,Simply Grand
TR:1339409,Day Of The River,Joe Hisaishi,Spirited Away
TR:1815722,Unison (Mikkas Remix),Porter Robinson,Spitfire EP (Explicit)
TR:746795,Start Shootin',Little People,Mickey Mouse Operation (Mumbo Jumbo/Illicit)
TR:1461616,To The Pirates' Cave!,Klaus Badelt,Pirates of the Caribbean: The Curse of the Black Pearl (Original Motion Picture Soundtrack)
TR:2052581,Amalgam,Hikarisyuyo,The Other Side Of The Moonlight
TR:1283263,Darkness Falls,Philip Wesley,Dark Night Of The Soul
TR:7673607,The Salamanca / The Banshee / The Sailor's Bonnet,The Bothy Band,1975
TR:5764671,Black Widow,Matias Puumala,The Omega Code
TR:1100272,Great Is Thy Faithfulness,David Nevue,Adoration: Solo Piano Hymns
TR:3248594,crossing field - English Version,LiSA,Shirushi
TR:3245641,Shirushi,LiSA,Launcher
TR:429748,Milligan's Fancy,Tempest,10th Anniversary Compilation
TR:770591,When The Hard Rains Come,David Nevue,Overcome
TR:2573379,Here For You (Bronze Whale Remix) (feat. Laura Welsh),Gorgon City,Here For You (Remixes)
TR:1382080,Live,The Commercial Hippies,From Beyond
TR:2696449,Foundation,Spiffy Man,The Natural World
TR:1452899,Embers,Max Richter,Memoryhouse
TR:1645225,The Pigeon River,Biny Andrews,Solo Piano
TR:2377829,This Will Be The Day,Jeff Williams,Rwby Volume 1 Soundtrack
TR:1557254,Master Of Puppets,David Garrett,Rock Symphonies
TR:950151,Speed Of Light,Zircon,Antigravity
TR:630927,Kiss You (Frank Bailey Extended Mix),IIO,"Tribalism, Vol. 1"
TR:607745,American Wake,Bill Whelan,Riverdance - Music From The Show (Soundtrack)
TR:77974837,Fly high (LOVEppears / appears -20th Anniversary Edition-),Ayumi Hamasaki,LOVEppears / appears -20th Anniversary Edition-
TR:5556443,Set Fire To The Rain (Adele),Eklipse,Electric Air
TR:1760180,Linking People 2011 (Giuseppe Ottaviani Remix),Giuseppe Ottaviani,Vonyc Sessions Selection (2011-06)
TR:387842,Immature,Ayumi Hamasaki,LOVEppears
TR:1566783,Tv Promos,Frank Caliendo,Make The Voices Stop
TR:2059187,Disney / Photos,Jim Gaffigan,Mr. Universe
TR:2532442,Illusion (Feat. Stephen Pickup) (Extended Live Mix),Giuseppe Ottaviani,Magenta Live
TR:29655933,Summertime Sadness,Vitamin String Quartet,VSQ Performs Lana Del Rey
TR:2485747,Fidelity,Vitamin String Quartet,Songbirds: VSQ Celebrates the Women of Modern Rock
TR:2468433,"Gerudo Valley (From ""Ocarina Of Time"")",Taylor Davis,Melodies Of Hyrule: Music From The Legend Of Zelda
TR:1354193,Genesis,Ace Ventura,London Landscapes
TR:6552497,Fight For You,Morgan Page,Believe (Bonus Track Version)
TR:2111285,The Last of Us,Approaching Nirvana,Evolve
TR:61292730,Moonlight Sonata,Chie Nagatani,A Day at the Beach
TR:324923,Lung Ta,Frank Steiner Jr.,Touching Silk
TR:7009410,You Got to Go (Seven Lions Remix),Above & Beyond,Ultra Dubstep
TR:1415214,Fight For You (Beltek Remix Radio Edit),Morgan Page,Fight For You (Single)
TR:24918727,Träumerei,LiSA,LANDSPACE
TR:12318063,Siesta del Sol (Laid Back Summer Cut),In Credo,My Private Lounge - Ibiza Chillout Feelings
TR:1494953,Losing Again (Chill Mix),Sunlounger,The Downtempo Edition
TR:5714102,Strange Moments (Chillout Mix),Lost Soul,Playa Del Lounge
TR:11137260,Olympic Flame,Tiësto,Parade of the Athletes
TR:7685169,Adem (Club Mix),Sebastian Weikum,Adem
TR:2748437,Ants,edIT,Crying Over Pros For No Reason (Deluxe Edition)
TR:1649030,Koimoyou,Scandal (Japan),BEST SCANDAL
TR:271203,Timach,Richard Devine,Cautella
TR:34414783,Longing For You,Jim Brickman,Love (Deluxe)
TR:2345769,Shadows,Lindsey Stirling,Lindsey Stirling (Deluxe Version)
TR:1604505,Last Breath (Heatbeat Original Mix),Matias Faint,Trance 30 - 2010 - 03
TR:419570,Preacher On a Pony,Boiled In Lead,Old Lead
TR:597685,Summer Solstice,Marcos,Vandit: Available For World
TR:374955,Rhumba Rhumba,Benise,Mediterranea
TR:24918720,Crossing Field,LiSA,LANDSPACE
TR:3059982,The Great Divide (Original Intro Mix),Velvetine,The Great Divide (The Remixes)
TR:1255379,Lucid,The Last Atlant,Cloudburst of Colours
TR:2004653,Love Glow,Mokhov,Perfect Dream
TR:452619,Sliding Down,"Edgar Meyer, Bela Fleck, Mike Marshall",Uncommon Ritual
TR:51751331,深い森,Do As Infinity,Do The A-side
TR:2405889,Men Have to Be Romantic/Rose Lady (Half Hour),Neal Brennan,Women and Black Dudes
TR:2519065,Hey Lil White Baby,Rod Man,That Good Funny Vol. 1
TR:2710582,Disposable Eyepatch,Cameron Esposito,Same Sex Symbol
TR:3044945,Head of Household,Andy Woodhull,Step Parenting
TR:1599382,Don't Give A Fuck,Wanda Sykes,Sick & Tired (Explicit)
TR:2535272,Go To Bed,Kris Tinkle,Maybe I Don't Feel Like Smiling
TR:2983057,Rat Sex,Louis CK,Live at the Comedy Store (Explicit)
TR:2059980,Working Out (Part 1),Jim Gaffigan,Mr. Universe
TR:1725394,My Kids,Brian Regan,All By Myself
TR:3254593,Motivational Posters,Shane Mauss,My Big Break
TR:5711688,Inter8shul Rel8shunz,Chad Daniels,You're the Best (Explicit)
TR:2431805,Girls (Live),Dana Eagle,Because They Asked Me Not to Sing
TR:2114146,Hepatitis,Rob Delaney,Live At The Bowery Ballroom
TR:2439581,When in Rome,Hari Kondabolu,Waiting for 2042
TR:1700155,We're Broke / Space Program,Wanda Sykes,Sick & Tired (Explicit)
TR:2510469,Repression,D.L. Hughley,Clear
TR:2070255,Gun Control (GH Version),Chris Rock,Cheese And Crackers - The Greatest Bits
TR:2405890,Football/Guys Are Jerks (Half Hour),Neal Brennan,Women and Black Dudes
TR:1586195,Circumcision,Jim Gaffigan,King Baby
TR:2504882,Different Degrees,Steve Byrne,Champion
TR:1665354,Driving Under The Influence,Jesse Joyce,Pro Joyce
TR:3254598,8FT 8FT 8FT 8FT 8FT 8FT 8FT 8FT 8FT 8FT 8FT 8FT 8FT 8FT 8FT 8FT 8FT 8FT,Shane Mauss,My Big Break
TR:1586196,Almost Heaven,Jim Gaffigan,King Baby
TR:1666300,Hygiene,Todd Glass,Thin Pig (Explicit)
TR:2527937,Vegan,Ian Edwards,100% Half-Assed
TR:1586191,Bacon,Jim Gaffigan,King Baby
TR:3108727,For My Special.,Nate Bargatze,Full Time Magic
TR:2270265,The Desperate Look,Marina Franklin,Women Who Kill (Explicit)
TR:1975975,Time Machine,Louis CK,Shameless
TR:2405876,Women Looking Cute,Neal Brennan,Women and Black Dudes
TR:1168982,The Schooner Lake Set,Gaelic Storm,Special Reserve
TR:2111726,I Do It,Stereopony,A Hydrangea Blooms
TR:1339418,Reprise,Joe Hisaishi,Spirited Away
TR:1495952,The Boy,Nick Cave & Warren Ellis,The Road (Original Film Score)
TR:1685618,Firebird,2002,Wings II
TR:1283267,Lamentations Of The Heart,Philip Wesley,Dark Night Of The Soul
TR:2728154,Dreaming,Venemy & Said The Sky,Dreaming
TR:8745390,Wave Of Sand,Kitaro,Asian Café
TR:2285581,Canceling The Apocalypse,Ramin Djawadi,Pacific Rim (Original Motion Picture Soundtrack)
TR:964696,The Man Who Sold The World,The Section Quartet,Fuzzbox
TR:5694326,Elements Of Life,Tiësto,Elements of Life
TR:11233943,Synapse Dynamics (Arty Remix),Mat Zo,Anjunabeats Worldwide 03
TR:536150,Inner Voices,R. Carlos Nakai,Inner Voices
TR:1673161,In 4 The Kill Pon De Skream,Major Lazer & La Roux,Lazerproof
TR:1833902,Flourescence,MiM0SA,58 Degrees
TR:990563,Seasons Of The Soul,Karen Olson,Seasons Of The Soul: Viola Meditations
TR:1649098,Ein Morgen Am Meer,Illuminate,Ohne Worte
TR:1845243,Gears And Clockhands,Spiffy Man,Headlight
TR:777651,Guaranga,Gipsy Kings,Pasajero (Explicit)
TR:1139026,Return with Honor,William Joseph,Beyond
TR:526893,Out Of Time,Liz Story,17 Seconds To Anywhere
TR:1161626,Miracle Cure (Martin Roth Nu Style Dub),Blank & Jones,The Thrillseekers: Nightmusic Volume 3
TR:32852292,Closer (Royal Ver.),Joe Inoue,ME! ME! ME!
TR:52599703,Dawn of Hope,City Of Music,Walking in the Violin
TR:15708434,Keep Tryin',Hikaru Utada,Ultra Blue (Remastered 2018)
TR:2111736,Hitohira No Hanabira,Stereopony,A Hydrangea Blooms
TR:14815847,Nuits Blanches,Blank & Jones,Relax Edition 4
TR:8146921,Mjuzik (Extended Mix),Orjan Nilsen,In My Opinion (Extended Versions)
TR:689924,Mystique,Mythos,Purity
TR:13947440,Shake It Off,Taylor Swift,1989 (Deluxe Edition)
TR:16280660,"Oceans, Pt. II (SLDGHMR Remix)",Crywolf & Ianborg,Runaway (The Remixes)
TR:1301748,La Luna (3L),Ottmar Liebert + Luna Negra,La Semana
TR:1283261,Racing Against The Sunset,Philip Wesley,Dark Night Of The Soul
TR:2193030,Music,David Garrett,Music
TR:1365039,Surface,Genuine,Kaffee Am Meer
TR:1452896,Landscape with Figure (1922),Max Richter,Memoryhouse
TR:1742469,Torero,Young & Rollins,Mosaic
TR:17741556,Still With Me (Seven Lions Remix) (feat. Cristina Soto),Tritonal,Piercing The Quiet Remixed - The Extended Mixes (Single)
TR:1977440,See What I've Become,Zack Hemsey,The Way
TR:5763527,Alma,Teddybears,Soft Machine (U.S. Version)
TR:2491327,Morning Light,Al Jewer & Andy Mitran,Japanese Gardens
TR:13183270,Lollipop Girl (Embliss Remix),Mango,Kisses EP (Single)
TR:2489803,Tortuga (Radio Edit),Formal One & DoubleV,Tortuga
TR:4457013,Say My Name (feat. Zyra),ODESZA,In Return (Deluxe Edition)
TR:148653,In My Dreams,Noemi,Trance Party Vol. 2
TR:2240304,Innocent Discretion,MitiS,Born
TR:2722582,Life,MitiS,Touch
TR:2127044,"I Don't Think Now Is the Best Time (From ""Pirates of the Caribbean: At World's End""/Score)",Hans Zimmer,Pirates of the Caribbean: At World's End
TR:966152,Autumn Colours (Litchfield),Iris Litchfield,When Evening Falls
TR:1526008,Lonlon Ranch,Koji Kondo,The Legend Of Zelda: The Ocarina Of Time Soundtrack
TR:87987661,March Caprice (for Piano and Orchestra),Yoko Shimomura,KINGDOM HEARTS -HD 1.5 ReMIX- (Original Soundtrack)
TR:1056620,"Montero: Prelude in C (After Bach's Das wohltemperierte Klavier, Book 1, BWV 846)",Gabriela Montero,Bach and Beyond
TR:740691,American Dream (Afterlife Mix),Jakatta,The Chillout Session
TR:15708438,Passion (Single Version),Hikaru Utada,Ultra Blue (Remastered 2018)
TR:399972,Farewell Blues (Alternate Take),The Seatbelts,Cowboy Bebop CD-Box
TR:783126,No.Imback,Proem,Socially Inept
TR:6548818,Come... (Into My Dream) (Radio Cut),Foggy,Come (Into My Dream) (Single)
TR:1716515,"Palm Tree Escape (From ""Pirates of the Caribbean: On Stranger Tides""/Score) (feat. Rodrigo y Gabriela)",Hans Zimmer,Pirates of the Caribbean: On Stranger Tides
TR:1494954,A Balearic Dinner (Chill Mix),Sunlounger,The Downtempo Edition
TR:1900032,Within,William Joseph,Within
TR:76031586,Summer Rain (Benya Remix),Soeren Suesse presents S-Tune,Summer Rain EP (Single)
TR:763595,Moon-Silvered Clouds,Deuter,East Of The Full Moon
TR:1088817,The Transcendent Mountain,Antoine Dufour,Existence
TR:2491611,Rain (MitiS Remix),Astronaut,Destination: Rain (Single)
TR:689302,Heat in Torremolinos,Johannes Linstead,Zabuca
TR:5542003,Forever,Fireflight,Unbreakable
TR:2255724,Open Window,Mitis & Anna Yvette,Open Window
TR:239497,El Padrino,Gypsies,South Beach Flamenco Lounge V. 1
TR:16301559,Symfo (Sunrise Festival Theme 2009),Rank 1,A State Of Trance Radio Top 15 - September 2009 (Including Bonus Track)
TR:2451167,Hush Hush,Nightcore,So Far
TR:15919657,Gypsy Ukulele,Acoustic Soul,Chapter One
TR:8489781,Rapture (Lametta Made American Ambient Remix) (Feat. Nadia Ali),IIO,American Ambient
TR:32802136,D-tecnoLife,Uverworld,Timeless
TR:2838059,Blank Space,Brooklyn Duo,Brooklyn Sessions
TR:1151353,Turquise Twilight,Scott August,New Fire
TR:6551658,Moonlight Sonata,Lisa Spector,A Stroll By The Sea
TR:13153413,In My City,Ellie Goulding,Halcyon (Deluxe Version)
TR:404265,Between Tears,Johannes Linstead,Sol Luna Tierra
TR:964693,Time Is Running Out,The Section Quartet,Fuzzbox
TR:1494961,Lumumba (Chill Mix),Sunlounger,The Downtempo Edition
TR:745486,Scarborough Fair,Paul Cardall,Faithful
TR:2462508,Zelda Medley,Taylor Davis,Gaming Fantasy
TR:1092691,Cafe Mocha,Jesse Cook,Frontiers
TR:2091284,The Truth,Seven Lions,Days To Come EP
TR:950158,Nitronic,Zircon,Antigravity
TR:15708433,Colors,Hikaru Utada,Ultra Blue (Remastered 2018)
TR:2406212,DO U C ME THO,Slugabed,Do U C Me Tho / U Right (Single)
TR:2104293,Big Sky,Two Steps From Hell,SkyWorld
TR:1671782,I Give Up,Elijah Bossenbroek,Carpe Lumen
TR:749245,The Last Man,Clint Mansell & Kronos Quartet,The Fountain OST
TR:16865311,Wonderful Tonight,Pianissimo Brothers,Hand in Hand: 50 Piano Songs for an Engagement Party
TR:1777361,A Champion Rises,Kerry Muzzey,Trailer Music 2
TR:1479350,Toca's Miracle (Inpetto 2008 Remix),Fragma,Corsten's Countdown
TR:618572,Sanctificum,Tiësto,Live At Innercity Amsterdam RAI
TR:2159703,Blinding (Instrumental),Jakwob,Blinding
TR:1873171,Rapid Cognition,Phutureprimitive,Kinetik
TR:7483,La femme d'argent,Air,Moon Safari
TR:1092690,Matisse The Cat,Jesse Cook,Frontiers
TR:905963,Gabriel's Oboe,Solis,Songs For Judah
TR:2240302,Endeavors,MitiS,Born
TR:2219941,Move for Me (GTA Remix),Kaskade & Deadmau5,Move for Me (GTA Remix)
TR:711524,Returning,George Winston,Forest
TR:1283262,The Approaching Night,Philip Wesley,Dark Night Of The Soul
TR:2600002,Cold War / Tightrope (Feat. Kellindo & Glen McDaniel),Simply Three,Two Worlds Collide
TR:1123533,Harmonic Heaven,Dean Evenson & Soundings Ensemble,Sound Massage
TR:7071564,Over,Tove Lo,Truth Serum
TR:18195626,On And On,Utada,This Is The One
TR:618570,Reflections,Tiësto,Live At Innercity Amsterdam RAI
TR:888461,Fiddler's Elbow,Jay Ungar & Molly Mason,"Waltzing With You (Music From The Film ""Brother's Keeper"")"
TR:11527171,Laya Mantra (Kartick & Gotam Yalla Mantra Remix),Laya Project,GlobeSonic DJ Alsultany Presents Yoga Lounge
TR:10294120,Ice - Dual Piano,Brian Crain,Piano Opus - Solo Piano
TR:12712080,Lies,Trifonic,Emergence (Special Edition)
TR:1914264,ETG,MiM0SA,Flux For Life
TR:6843334,Drifting Through Time and Space,Sayama,Sacred Healing Waters
TR:1173195,Drifting Inward,Deosil,Automatic Music
TR:937768,Strollin',Gary Girouard,"The Naked Piano, Vol Ii"
TR:655420,Einaudi: Come Un Fiore,Ludovico Einaudi,Una Mattina
TR:2513895,In Reverence,David Tolk,In Reverence
TR:855900,The Supine,Andrew Bird,Armchair Apocrypha
TR:68450968,Morning Sun,Ensemble P.J. Rhinegould,Peace & Harmony...with Deep Meditation Music
TR:77545,Rest Your Head,George Winston (Holiday),December
TR:1120126,Dragonflies,Rachel Currea,Innersound Piano Solos
TR:511607,Shades Of September,Ann Sweeten,A Place In The Sun
TR:1123532,Mating Call,Dean Evenson & Soundings Ensemble,Sound Massage
TR:454634,The Jig Is Up,Dan Crary,Renaissance Of The Steel String Guitar
TR:1360494,Children,Escala,Escala
TR:684612,Ancestral Legacy,Rudy Adrian,Moonwater
TR:2110868,Spinner,Portico Quartet,Portico Quartet
TR:89893284,My Heart Will Go On (Remastered),Daniel Kobialka,The Best Of Daniel Kobialka: Volume 1
TR:508102,Open Doors,Jim Brickman,No Words
TR:2158630,"Piano Seasons, Part 1: Spring",Michael Silverman,The Piano
TR:1091517,Mystic Dance,Maggie Sansone,Mystic Dance
TR:5801173,Toccata,David Garrett,Virtuoso
TR:1064920,Simple Song,Jim Gibson,Tapestry
TR:324925,Touching Silk,Frank Steiner Jr.,Touching Silk
TR:1123461,Floating To Forever,Dean Evenson,Healing Waters
TR:412150,Rise (The Negotiator),Craig Armstrong,Film Works 1995-2005
TR:1123575,Falling Into Flight,Dean Evenson & Soundings Ensemble,Eagle River
TR:360073,May It Be,Hayley Westenra,Odyssey
TR:1563039,528491,Hans Zimmer,Inception (Music from the Motion Picture)
TR:1120118,Time Marches On,Rachel Currea,Innersound Piano Solos
TR:11021967,Inside Of Me,Danny Wright,Real Romance
TR:1397081,Just as I Am,Eric Schrotenboer,Prayers
TR:14900603,Old Friends,Howard Shore,The Hobbit: An Unexpected Journey (Original Motion Picture Soundtrack)
TR:948644,The Shining Star,Steven Cravis,The Sound of Light (Solo Piano)
TR:2119617,Be Thou My Vision,Jeff Bjorck,Pure Piano Portraits
TR:1146030,Dawn On The Mountain,Jerry Larocca,Years Of Longing
TR:1061172,Don't Leave Us,Mark McKenzie,Saving Sarah Cain: Music From The Film
TR:762139,Resonance,Yuri Sazonoff,European Spa
TR:1123509,Full Apple Tree,Dean Evenson & Li Xiangting,Tao Of Peace
TR:188792,Goodnight Irene,George Winston,Montana: A Love Story
TR:760700,Earth Blue,Deuter,Earth Blue
TR:745391,Wexford Carol,Jon Schmidt,Winter Serenade
TR:1865483,City Lights,Blackmill,Reach for Glory
TR:2045553,Bittersweet Symphony,Dallas String Quartet,Eclectric
TR:1763781,Viva La Vida,2CELLOS,2Cellos
TR:2370511,Monster,Vitamin String Quartet,VSQ Performs Lady Gaga
TR:1935757,Paparazzi,Dallas String Quartet,Red
TR:2345766,Minimal Beat,Lindsey Stirling,Lindsey Stirling (Deluxe Version)
TR:1763774,Use Somebody,2CELLOS,2Cellos
TR:1497021,Hallelujah,Time For Three,3 Fervent Travelers
TR:2169850,Good Feeling Violin Remix,Lindsey Stirling,Good Feeling Violin Remix (Single)
TR:32823420,Eternal Voice,Nami Tamaki,Greeting
TR:1913731,Lucid Truth,Blackmill,Miracle
TR:2045546,Yellow,Dallas String Quartet,Eclectric
TR:7901864,Ultra Violet,Way Out West,We Love Machine
TR:1763778,Hurt,2CELLOS,2Cellos
TR:2491529,Dystopia,Faux Tales,Dystopia EP
TR:2045557,Sweet Dreams (Are Made Of This),Dallas String Quartet,Eclectric
TR:2247740,Cry Me A River (Justin Timberlake),Eklipse,A Night In Strings
TR:2491531,Atlas,Faux Tales,Dystopia EP
TR:2045548,Yesterday,Dallas String Quartet,Eclectric
TR:2145569,Every Breath You Take,2CELLOS,In2ition
TR:2247742,Paparrazzi (Lady Gaga),Eklipse,A Night In Strings
TR:2345773,Elements (Orchestral Remix),Lindsey Stirling,Lindsey Stirling (Deluxe Version)
TR:27620570,Hours,Tycho,Dive (Deluxe Version)
TR:1353339,Cobalt,H.U.V.A. Network,Ephemeris
TR:2004655,Lush Embrace,Mokhov,Perfect Dream
TR:2345762,Zi Zi's Journey,Lindsey Stirling,Lindsey Stirling (Deluxe Version)
TR:2498274,Swag,Lindsey Stirling,Shatter Me
TR:1865485,Relentless,Blackmill,Reach for Glory
TR:37116442,A Thousand Years,The Piano Guys,10
TR:2145567,We Found Love,2CELLOS,In2ition
TR:1935766,Secrets,Dallas String Quartet,Red
TR:2468435,"Song Of Time And Song Of Storms (From ""Ocarina Of Time"")",Taylor Davis,Melodies Of Hyrule: Music From The Legend Of Zelda
TR:97941354,Edge,Cicada,Cicada (Special Edition)
TR:5859900,Embrace,Blackmill,"Music For Dining In Space, Vol 2: Compiled By DJ Darkhorse"
TR:7144154,HR 8938 Cephei,deadmau5,Dance Anthems 2011
TR:98335911,Jaded (Original Mix),deadmau5,Faxing Berlin
TR:2379148,Shanghai (Ambassadeurs Remix),BeGun,Shanghai
TR:1809415,Afterglow,Phaeleh,Fallen Light
TR:2498272,Ascendance,Lindsey Stirling,Shatter Me
TR:1283264,Dark Night Of The Soul,Philip Wesley,Dark Night Of The Soul
TR:2495948,Rather Be (feat. Jess Glynne) (The Magician Remix),Clean Bandit,Rather Be (feat. Jess Glynne) (Remixes)
TR:5567989,Sleepless (feat. Jezzabell Doran),Flume,Flume: Deluxe Edition
TR:2100842,I Need Your Love (feat. Ellie Goulding),Calvin Harris,18 Months
TR:2247748,Every Breath You Take (The Police),Eklipse,A Night In Strings
TR:2240301,Born,MitiS,Born
TR:1139023,Kashmir,William Joseph,Beyond
TR:5524958,Arwen's Vigil,The Piano Guys,The Piano Guys
TR:1356986,He's A Pirate,David Garrett,David Garrett
TR:2045549,Clocks,Dallas String Quartet,Eclectric
TR:13153399,Lights (Single Version),Ellie Goulding,Halcyon (Deluxe Version)
TR:37116433,Beethoven's 5 Secrets,The Piano Guys,10
TR:5524948,Rolling in the Deep,The Piano Guys,The Piano Guys
TR:2172948,Rain,Blackmill,Fortune Soul (Single)
TR:2533976,Show Me Love (feat. Elisabeth Troy),Clean Bandit,New Eyes
TR:2533128,Wasted (feat. Matthew Koma),Tiësto,A Town Called Paradise (Deluxe)
TR:2387904,Jaguar,What So Not,Jaguar (Single)
TR:73296486,TO BE,Ayumi Hamasaki,TO BE
TR:2056556,Requiem For A Dream,Jennifer Thomas,Illumination
TR:1183993,Pavanorama,Deviations Project,The Ivory Bow
TR:2498268,Heist,Lindsey Stirling,Shatter Me
TR:2912227,Sunny,Hippie Sabotage,The Sunny Album (Deluxe Edition)
TR:51756161,Habits (Stay High),The Flamenco Man,The One
TR:313582,Cyberbird,Yoko Kanno,"Stand Alone Complex (Soundtrack), Vol. 2"
TR:2912229,Ridin Solo (Njomza Remix),Hippie Sabotage,The Sunny Album (Deluxe Edition)
TR:1382016,Get The Money,PANTyRAiD,Beba / Get The Money
TR:48013373,Fields,XXYYXX,XXYYXX
TR:2328382,Without You,ODESZA,My Friends Never Die
TR:981694,Rain,Silvard,Life Is Grand... on Cape Cod
TR:34658792,Butterfly (feat. Mimi Page),Bassnectar,Vava Voom
TR:2169849,Assassin's Creed Theme,Lindsey Stirling,Assassin's Creed Theme (Single)
TR:107855135,Liquid Shards,Callan Maart,Liquid Shards Remix
TR:2390090,One Day They'll Know (Odesza Remix),Pretty Lights,A Color Map Of The Sun (Remixes)
TR:7071566,Out Of Mind,Tove Lo,Truth Serum
TR:20859966,High You Are Remix (Branchez Mix),Ev Vinyls,YAOML (Explicit)
TR:1865488,Oh Miah,Blackmill,Reach for Glory
TR:5524955,Michael Meets Mozart,The Piano Guys,The Piano Guys
TR:21839796,Black and Yellow,Josh Vietti,Strings Attached
TR:2498271,Take Flight,Lindsey Stirling,Shatter Me
TR:2130116,HyperParadise (Flume Remix),Hermitude,Parallel Paradise
TR:7523748,Habits (Stay High) (Hippie Sabotage Remix),Tove Lo,Queen Of The Clouds
TR:72778353,Boys & Girls,Ayumi Hamasaki,ayumi hamasaki COUNTDOWN LIVE 2013-2014 A ～setlist original ver. vol.2～
TR:4457023,Sun Models (feat. Madelyn Grant),ODESZA,In Return (Deluxe Edition)
TR:2391121,Bottled Up,Ill-esha,Whiplash Recovery
TR:40222807,Icarus (2021 Remastered Version),Mythos,XXV
TR:5690155,Evil Beauty,Blackmill,Dubstep Radioactive
TR:37116443,Over the Rainbow / Simple Gifts,The Piano Guys,10
TR:2328380,My Friends Never Die,ODESZA,My Friends Never Die
TR:2592332,Vast,Captain Panic! & Systek,The Monolith
TR:1962785,Skyrim Main Theme (feat. Lindsey Sterling),Lindsey Stirling & Peter Hollens,Skyrim Main Theme (Single)
TR:5555491,Let It Be,Blackmill,Music For Dining In Space: Compiled By DJ Darkhorse
TR:185378,Lady Grinning Soul,Lucia Micarelli,Music From A Farther Room
TR:36954799,Bernini's Angels (The LXD Mix),Kerry Muzzey,Bernini's Angels (The LXD Mixes) (Single)
TR:2498267,Shatter Me,Lindsey Stirling,Shatter Me
TR:2173311,Empire State of Mind,Josh Vietti,Best of Both Worlds
TR:1090512,Autumn,Ryan Stewart,Equanimity
TR:745504,I Love to See the Temple,Paul Cardall,Primary Worship
TR:2056545,Illumination,Jennifer Thomas,Illumination
TR:1360491,Palladio,Escala,Escala
TR:2234902,Sky Titans,Two Steps From Hell,"Classics, Vol. 1"
TR:2247745,Clocks (Coldplay),Eklipse,A Night In Strings
TR:2498266,V-Pop,Lindsey Stirling,Shatter Me
TR:1998598,Guardians At the Gate,Audiomachine,Chronicles
TR:3124756,Gracie's Theme,Paul Cardall,Saving Tiny Hearts
TR:2234898,Strength Of An Empire,Two Steps From Hell,"Classics, Vol. 1"
TR:1929396,Cello Wars (Radio Edit),The Piano Guys,"Hits, Vol. 1"
TR:32823422,Day By Day,Nami Tamaki,Greeting
TR:5524950,Cello Wars,The Piano Guys,The Piano Guys
TR:2504330,Legends of Destiny,Audiomachine,Phenomena
TR:2305884,Slanky,Wick-it the Instigator,The Weathermaker (Single)
TR:7898300,The J H P,Orka Veer,Sam's Solutions (Deluxe Edition)
TR:1356987,Smooth Criminal,David Garrett,David Garrett
TR:1752036,Invincible,Two Steps From Hell,Invincible
TR:2045551,Eleanor Rigby,Dallas String Quartet,Eclectric
TR:1752028,Heart Of Courage,Two Steps From Hell,Invincible
TR:1360497,Feeling Good,Escala,Escala
TR:7475502,I'm Not Driving Anymore (Instrumental Remix),Rob Dougan,I'm Not Driving Anymore (Single)
TR:2496781,On The Horizon,Mojo Rising,On The Horizon
TR:1934992,Do I See Color,Adventure Club,Do I See Color (Single)
TR:2072101,Raindrops (feat. Carmen Forbes) (Flinch Radio Edit),"Fytch, Captain Crunch & Carmen Forbes",Raindrops (feat. Carmen Forbes) (Single)
TR:2578939,Light,David Nevue,The Tower
TR:1682538,In the Music Box,Michael Samson,A Still Motion
TR:404239,Soul Mates,Danny Wright,Soul Mates
TR:944764,Escape from Gravity,Deuter,Koyasan: Reiki Sound Healing
TR:765064,Behold,Elise Lebec,Possible Dreams
TR:517242,A Time Before,John Fluker,The Sound Of Peace
TR:1471226,Welcome,Richard Shulman,A Higher Dimension
TR:5506304,Wild Child,Enya,A Day Without Rain
TR:61830632,Inside the Eye,Michael Allen Harrison,I'll Be Seeing You
TR:2718449,Between The Lakes,David Tolk,Stories In The Sky
TR:1123557,Trade Winds,Dean Evenson,Dreamstreams
TR:1142240,Chasing The Wind,Michael Dulin,Follow The River
TR:719492,An Opening Flow,Paul Adams,The Property Of Water
TR:1123605,Calming Insight Of Ourselves,Dean Evenson,Healing Sanctuary
TR:6298228,Above the Middle,ODESZA,Summer's Gone
TR:1091515,Douce Dame Jollie,Maggie Sansone,Mystic Dance
TR:1785063,Seaside Retreat,Dan Gibson's Solitudes,Solitudes: Seaside Retreat
TR:2113739,Everyday,Carly Comando,One Take
TR:492407,Ambience: Morning,Bjorn Lynne,Return To Witchwood
TR:1063270,As The Rush Comes (Hamptons Chills Remix),JES,Into The Dawn: The Hits Disconnected
TR:1860313,Three,Seekae,+DOME
TR:130058,Gangsta's Paradise (feat. Karen Briggs),Unwrapped,Hidden Beach Recordings Presents: Unwrapped Vol. 2
TR:750842,Bonus Track: The Swan,Acoustic Eidolon,Live To Dance
TR:17794,Athair Ar Neamh,Enya,The Memory of Trees
TR:80140,Children (Dream Version),Robert Miles,Dreamland
TR:320952,Even Now,2002,This Moment Now
TR:540819,Into the Twilight (feat. R. Carlos Nakai),R. Carlos Nakai,Fourth World
TR:1701564,We Move Lightly,Dustin O'Halloran,Lumiere
TR:944761,Sound of Invisible Waters,Deuter,Koyasan: Reiki Sound Healing
TR:903956,Dance Of The Wildflowers,Dan Gibson's Solitudes,Solitudes - The English Country Garden
TR:51061159,Breton Carol (2021 Remaster),Áine Minogue (Holiday),To Warm the Winter's Night: A Celtic Holiday Celebration (25th Anniversary Edition) (2021 Remaster)
TR:2137364,Butterfly Waltz,Classical New Age Piano Music,Classical New Age Piano And Violin Duets
TR:699627,"Mirror, Set Me Free",Rada Neal,Fourth Finesse
TR:2341243,Romanze (Canon In D),Vicente Avella,All The Days Of My Life: The Wedding Album
TR:762142,Symmetry,Yuri Sazonoff,European Spa
TR:2370506,Alejandro,Vitamin String Quartet,VSQ Performs Lady Gaga
TR:53081461,Positive Feelings,Ensemble P.J. Rhinegould,Healing Sleep Music - Mind and Body Rejuvenation
TR:305262,I am Always Right Here,Kevin Kern,Imagination's Light
TR:971953,Carol Of The Bells,Scott D. Davis (Holiday),Winter Journey
TR:219745,To The One Who Knows,Yanni,Love Songs
TR:2345774,Crystallize Mashup (Remix By Wild Children),Lindsey Stirling,Lindsey Stirling (Deluxe Version)
TR:1628522,Following The Footsteps,Isaac Shepard,Awaken
TR:379759,Less Than a Pearl,Enya,Amarantine
TR:1557492,Together Alone,Nadama,Love Is
TR:500712,"Evergreen (From ""A Star Is Born"")",John Tesh,Pure Movies 2
TR:2255021,Mhysa,Ramin Djawadi,Game Of Thrones: Season 3 (Music from the HBO Series)
TR:508091,Dream Come True,Jim Brickman,Pure Jim Brickman
TR:1053331,The Church's One Foundation,Chris Rice,The Living Room Sessions
TR:1879658,The Nature of Time,Robin Spielberg,Songs Of The Spirit
TR:5714622,Reload (Radio Edit),"Sebastian Ingrosso, Tommy Trash & John Martin",Reload (Remixes)
TR:977474,Shirley Mae,Joe Ebel,Primebel
TR:745389,Pachelbel Meets U2,Jon Schmidt,Winter Serenade
TR:739724,Wind Of Dawn,Deuter,Land Of Enchantment
TR:6251227,Windwaker,Mord Fustang,Welcome To The Future
TR:1146422,Just As I Am/Have Thine Own Way/I'd Rather Have Jesus (Medley),Anthony Burger,Hymns Collection
TR:333442,Sundial Dreams,Kevin Kern,More Than Words
TR:1081932,Breeze In G,James Todd,Quiet Beauty
TR:1090477,Fishin',Takénobu,Introduction
TR:762137,Crystal Mist,Yuri Sazonoff,European Spa
TR:1394688,Dream Weaver,Carolyn Southworth,The Lullaby Album
TR:660856,Opus 28,Dustin O'Halloran,"Piano Solos, Vol. 2"
TR:19561401,O Carolan,Áine Minogue,Between the Worlds
TR:2018182,Can't Control Myself,Krewella,Play Hard EP (Explicit)
TR:1063930,I Remember When,Lawrence Blatt,Fibonacci's Dream
TR:1272723,Irish Rain,Michele McLaughlin,A Celtic Dream
TR:1844232,Renaissance Angels,Katherine Peterson,Orchids In Bliss
TR:2127040,"The Brethren Court (From ""Pirates of the Caribbean: At World's End""/Score)",Hans Zimmer,Pirates of the Caribbean: At World's End
TR:447697,Journey to Peace,Liquid Mind,Liquid Mind VIII: Sleep
TR:404164,My Orchid Spirit,Liquid Mind,Liquid Mind VII: Reflection
TR:2127045,"One Day (From ""Pirates of the Caribbean: At World's End""/Score)",Hans Zimmer,Pirates of the Caribbean: At World's End
TR:5714623,Reload (Extended Mix) (feat. John Martin),"Sebastian Ingrosso, Tommy Trash & John Martin",Reload (Remixes)
TR:1370863,New and Old,Louis Landon,Solo Piano for Peace
TR:2341057,Be Thou My Vision,Jason Tonioli,Be Still - Piano Hymns
TR:946401,Sandman,George Winston,All The Seasons Of George Winston
TR:1917602,Turn The Page,Robin Spielberg,Dreaming Of Summer
TR:986940,Song For Rome,Brian Crain,A Summer In Italy
TR:508090,Bittersweet,Jim Brickman,Pure Jim Brickman
TR:1557897,Forbearance,Michele McLaughlin,Out Of The Darkness
TR:762140,Blissfull Stillness,Yuri Sazonoff,European Spa
TR:649171,Npg,Natalie MacMaster,Yours Truly
TR:1958386,On The Beat,Edgar Rothermich,Why Not Electronica
TR:1394694,Old Scottish Lullaby,Carolyn Southworth,The Lullaby Album
TR:436827,Deanash,Gary Stadler,Fairy HeartMagic
TR:569586,Blessed Assurance,Lorie Line,"The Heritage Collection, Vol. 3"
TR:5775351,Windancer (Album Version),Secret Garden,White Stones
TR:1771746,Take Me Tenderly,Liquid Mind,Liquid Mind IV: Unity
TR:741075,Singing Water,Anugama,Environment 2
TR:395601,Courage Of The Wind,David Lanz,Nightfall
TR:717451,Ledges Road,Incendio,Seduction
TR:1668603,Shenandoah,Adagio Trio,Sanctuary
TR:575373,Girl By The Bank,Laurel Canyon Ramblers,Back On The Street Again
TR:10294130,Earth - Solo Piano,Brian Crain,Piano Opus - Solo Piano
TR:614733,"Beethoven: Piano Sonata No. 14] Arr. Dominic Miller, Nick Patrick, Nick Ingman - Moonlight Sonata",Dominic Miller,Shapes
TR:2137365,Andantino,Classical New Age Piano Music,Classical New Age Piano And Violin Duets
TR:52679089,Cadeau,Stephan Moccio,THE ARCHIVES
TR:971944,Wanted Dead Or Alive,Scott D. Davis,Rockfluence
TR:1908556,We Are Now Connected,Mord Fustang,We Are Now Connected (Single)
TR:2319055,Dum Dee Dum,Keys N Krates,SOLOW
TR:650260,Fisherman's Dream (Remastered),Eric Tingstad & Nancy Rumbel,Legends / Emerald (Narada Classics)
TR:1123744,Prologue (Album Version),Loreena McKennitt,The Book Of Secrets
TR:895357,Romance,Craig Urquhart,Secret Spaces
TR:17765,Smaointe,Enya,Shepherd Moons
TR:745473,Voices,Paul Cardall,Miracles - A Journey Of Hope & Healing
TR:1061344,Just As I Am,Fernando Ortega,Hymns & Meditations
TR:9972740,New Life,Paul Cardall,New Life
TR:132739,It's A Beautiful Day,Sarah Brightman,Harem
TR:404160,Into the Silence of My Being,Liquid Mind,Liquid Mind VII: Reflection
TR:1051768,Turn Your Eyes Upon Jesus,Mary Beth Carlson,Faith
TR:1151272,Prism Of Hope,Ronda,To Another Place
TR:1059517,Into Your Presence,Fernando Ortega,Meditations Of The Heart
TR:104181,Rain,Corciolli,Nature
TR:11021970,When We're Apart,Danny Wright,Real Romance
TR:745313,Dance Of Leaves,Fariborz Lachini,Sepidar
TR:1218226,The Line,Ola Gjeilo,Stone Rose
TR:1123746,Skellig (Album Version),Loreena McKennitt,The Book Of Secrets
TR:1231463,The Goodbye,Jeanine Tesori,Nights In Rodanthe (Original Motion Picture Score)
TR:1872169,Ballade In C Minor,Chad Lawson,The Piano
TR:11030492,Loneliness,Fariborz Lachini,Golden Autumn 2
TR:2120746,Be Thou My Vision,Richard Dillon,Down A Different Path
TR:6569293,Ashokan Farewell,Fiddle Fever,Best of Fiddle Fever - Waltz of the Wind
TR:574509,Song of the Liberty Bell (folk version),Mark O'Connor,Liberty! The American Revolution
TR:1100200,The Gloaming,Jonae',Into The Blue
TR:607857,You're Not Alone,Brian Culbertson,Sundown: A Windam Hill Piano Collection
TR:1151279,After The Storm,Ronda,To Another Place
TR:1628531,Breathless,Isaac Shepard,Awaken
TR:786909,Coral Castel,Laura Sullivan,Mystical America
TR:1139018,Standing the Storm,William Joseph,Beyond
TR:745515,Bonus Track,Paul Cardall,Primary Worship
TR:607859,For the Asking,John R. Burr,Sundown: A Windam Hill Piano Collection
TR:1143790,Wind And Water,Play & Pause: Nature,Ocean Breeze
TR:981701,Calypso,Silvard,Life Is Grand... on Cape Cod
TR:223060,If Only You Were Near,Tim Janis,The Promise
TR:207209,River,Peter Kater,Piano
TR:9730816,Milky Way,Mord Fustang,Milky Way (Single)
TR:5506295,Lazy Days,Enya,A Day Without Rain
TR:948643,Dancing Spirits,Steven Cravis,The Sound of Light (Solo Piano)
TR:970748,Dark Night,Joe Bongiorno,Somewhere Within
TR:555683,Echo,Gary Stadler,Reflections of Faerie
TR:1211235,All I See Is Air,Jeff Bjorck,Impressions In Black And White
TR:888545,Ashokan Farewell,Jay Ungar & Molly Mason,Harvest Home
TR:655421,Einaudi: DNA,Ludovico Einaudi,Una Mattina
TR:11021976,Moon River,Danny Wright,Real Romance
TR:649173,Farewell To Peter,Natalie MacMaster,Yours Truly
TR:1763773,Misirlou (Theme From Pulp Fiction),2CELLOS,2Cellos
TR:426124,You Know Too Much About Flying Saucers,William Orbit,Hello Waveforms
TR:2139348,Killin' It (Mutrix Remix),Krewella,PLAY HARDER REMIX EP
TR:2352655,"Still, Still, Still",The Piano Guys (Holiday),A Family Christmas
TR:10178852,Reverie,Jim Oliver,Musical Massage InTouch
TR:1557903,New Light,Michele McLaughlin,Out Of The Darkness
TR:9671619,Close To My Heart,Tim Janis,Golden HeartLand
TR:11030486,I Remember,Fariborz Lachini,Golden Autumn 2
TR:745508,My Heavenly Father Loves Me,Paul Cardall,Primary Worship
TR:219747,Before I Go,Yanni,Love Songs
TR:848131,Last Orders,The Clientele,Lost Weekend
TR:660858,Opus 30,Dustin O'Halloran,"Piano Solos, Vol. 2"
TR:711526,"Three Pieces from ""The Snowman"": Walking in the Air",George Winston,Forest
TR:1866660,How Great Thou Art,Marvin Goldstein,A Gift of Love
TR:1163990,The Water is Wide,Steven Sharp Nelson,Sacred Cello
TR:756466,Mountain Stream,Dan Gibson's Solitudes,Solitudes - Appalachian Mountain Suite
TR:1417845,"I Believe, Help Thou My Unbelief (Joy Comes In The Morning Album Version)",Stan Whitmire,Joy Comes In The Morning
TR:1875696,The Romance,Michael W. Smith,Glory
TR:1059343,I Love To Praise Your Name,Fernando Ortega,Beginnings
TR:1123749,La Serenissima (Album Version),Loreena McKennitt,The Book Of Secrets
TR:1146415,There Is Power In The Blood/Nothing But The Blood/At Calvary (Medley),Anthony Burger,Hymns Collection
TR:1143794,Nirvana,Play & Pause: Nature,Mountain Meditation
TR:1600309,Nightfall,"Halo, Martin O'Donnell & Michael Salvatori",Halo: Reach (Original Soundtrack)
TR:422098,Genius And The Thieves,Eluvium,An Accidental Memory In the Case of Death
TR:17796,Anywhere Is,Enya,The Memory of Trees
TR:981703,Flight,Silvard,Life Is Grand... on Cape Cod
TR:1146039,Nocturne For Guitar And Strings,Jerry Larocca,Years Of Longing
TR:750841,November Woods Reprise,Acoustic Eidolon,Live To Dance
TR:17774,How Can I Keep from Singing?,Enya,Shepherd Moons
TR:1461619,Underwater March,Klaus Badelt,Pirates of the Caribbean: The Curse of the Black Pearl (Original Motion Picture Soundtrack)
TR:1023723,One Summers Day,Chris Natoli,One Soul's Journey
TR:1143800,Soothing Waters,Play & Pause: Nature,Waterfalls
TR:745488,A Blue World,Paul Cardall,Faithful
TR:1061167,Those Were Our Tears!,Mark McKenzie,Saving Sarah Cain: Music From The Film
TR:219754,To Take ...To Hold,Yanni,Love Songs
TR:690956,2nd Movement,Fiona Joy Hawkins,Angel Above My Piano
TR:759363,The Fallen Leaves,Dan Gibson's Solitudes,Forest Cello
TR:1143795,Tranquility,Play & Pause: Nature,Mountain Meditation
TR:1084735,"Opening Titles (From ""The Other Boleyn Girl"")",Paul Cantelon,The Other Boleyn Girl
TR:1459901,Nocturne,Robyn Hitchcock,I Often Dream Of Trains In New York
TR:555682,Elphame,Gary Stadler,Reflections of Faerie
TR:1090353,Surrounding Wonder,Tim Janis,Life Songs
TR:219752,Secret Vows,Yanni,Love Songs
TR:689835,In The Looking Glass,Lorie Line,Simply Grand
TR:2209484,Charlie Brown Medley,The Piano Guys,The Piano Guys 2
TR:981693,Forever Yours,Silvard,Life Is Grand... on Cape Cod
TR:1231466,Loss,Jeanine Tesori,Nights In Rodanthe (Original Motion Picture Score)
TR:1064537,The Lonely Ballerina,Michele McLaughlin,Reflections 2000-2005
TR:223050,A Thought Of Spring,Tim Janis,The Promise
TR:759361,Autumn Splendor,Dan Gibson's Solitudes,Forest Cello
TR:2578940,Joy,David Nevue,The Tower
TR:762250,By The Grace Of The Sea,Dan Gibson's Solitudes,Dolphin Dreams
TR:770595,There Is A Redeemer,David Nevue,Overcome
TR:2104286,Blackheart,Two Steps From Hell,SkyWorld
TR:2120739,Dancing On The Light,Richard Dillon,Down A Different Path
TR:1032967,Serenade,Jim Brickman,Simple Things
TR:1090355,Only The Stars Behold Us,Tim Janis,Life Songs
TR:25392776,Dream of Fair Women,Kymaera,Into the Rainbow - A Tribute to Nick Web
TR:1705144,Lick The Rainbow,Mord Fustang,Lick The Rainbow (Single)
TR:1061169,You're Ok In Everyway,Mark McKenzie,Saving Sarah Cain: Music From The Film
TR:1452900,Last Days,Max Richter,Memoryhouse
TR:970827,Awaken,Joe Bongiorno,At Peace
TR:745492,Sacred Nature II,Paul Cardall,Faithful
TR:943731,Why,Denise Young,Something You Dream Of...
TR:1211197,Be Still My Soul,Jeff Bjorck,This I Know: Ageless Hymns Of Faith
TR:5541165,Let You Go,Hermitude,HyperParadise (Explicit)
TR:1379261,Prom Night,Aaron Zigman,My Sister's Keeper (Original Motion Picture Score)
TR:219749,First Touch,Yanni,Love Songs
TR:541861,Night In That Land,Nightnoise,Pure Nightnoise
TR:5775362,Illumination (Album Version),Secret Garden,White Stones
TR:1143787,Surf And Sand,Play & Pause: Nature,Ocean Breeze
TR:2139344,Come & Get It,Krewella,PLAY HARDER REMIX EP
TR:1100834,La Profondita Del Buio,Ludovico Einaudi,Le Onde
TR:6893209,A Word In Private,Yanni,Winter Light
TR:5779898,Once In A Red Moon,Secret Garden,Once In A Red Moon
TR:1477683,Nevermore,Twohawks,Raven's Cry
TR:245779,Seal Beach,The Album Leaf,Seal Beach
TR:395603,Song For Monet,David Lanz,Nightfall
TR:569595,I Surrender All,Lorie Line,"The Heritage Collection, Vol. 3"
TR:1518837,Turmoil,Soroush,Eastern And Western Harmony
TR:1026431,Present Moment,Joseph Akins,Masterpeace
TR:1231456,White Wine Dinner,Jeanine Tesori,Nights In Rodanthe (Original Motion Picture Score)
TR:17769,Evacuee,Enya,Shepherd Moons
TR:708216,If You're Not The One,Myleene Klass,Moving On
TR:2695246,Moonlight Sonata,Robbins Island Music Group,Canon In D: Pachelbel's Canon Instrumental Versions Plus Bonus Songs
TR:970749,Where There's A Will...,Joe Bongiorno,Somewhere Within
TR:759368,One Last Goodbye,Dan Gibson's Solitudes,Forest Cello
TR:750837,Maggie Cameron,Acoustic Eidolon,Live To Dance
TR:2115518,Dragon Roost Island,London Philharmonic Orchestra,The Greatest Video Game Music 2
TR:52679076,Porcelain,Stephan Moccio,THE ARCHIVES
TR:333647,Aquarium,Emile Pandolfi,Believe
TR:759367,Majesty Of The Lake,Dan Gibson's Solitudes,Forest Cello
TR:1123289,Spirit Of The Wind,Dean Evenson,Wood Over Water
TR:2203059,A Song To Fly / Kireina Uta,AbeMao,Free
TR:981702,Vacation Time!,Silvard,Life Is Grand... on Cape Cod
TR:1026428,Joy Of Being,Joseph Akins,Masterpeace
TR:1297667,And So It Is,Nick Farr,The Ever Present Now
TR:10294125,Snow - Solo Piano,Brian Crain,Piano Opus - Solo Piano
TR:12258619,Minuetto,Robbins Island Music Group,Cocktail Music: Instrumental Background Music for Cocktail Parties and Dinner Music
TR:2210198,Pachelbel For The Potomac,Laura Sullivan,Pianoscapes For The Trails Of North America
TR:9972742,Sign of Affection,Paul Cardall,New Life
TR:6599271,May Be,Yiruma,First Love (The Original & the Very First Recording)
TR:941994,Red Rain,Tim Neumark,Biography - Solo Piano
TR:1271259,Midnight Reverie,David Lanz,Painting The Sun
TR:2018185,Feel Me,Krewella,Play Hard EP (Explicit)
TR:511871,Escarpment Dreaming,Fiona Joy Hawkins,Portrait Of A Waterfall
TR:1305294,So Still,Rada Neal,Sixth Serenade
TR:426355,Sunrise Over The Ocean,Tim Janis,Coastal America
TR:1123293,Listening To The Heart,Dean Evenson,Wood Over Water
TR:1875688,Heroes,Michael W. Smith,Glory
TR:655422,Einaudi: Nuvole Nere,Ludovico Einaudi,Una Mattina
TR:1266978,Until The Tears Are Gone,Mark Barnes,Awakening
TR:52679073,Zephyr (Edit),Stephan Moccio,THE ARCHIVES
TR:9744216,Always,Chris Spheeris,Eros
TR:1875697,The Tribute/Agnus Dei,Michael W. Smith,Glory
TR:1275591,Through Your Eyes,Jim Wilson,Beneath the Olympian Skies
TR:1090358,Floating Moon,Tim Janis,Life Songs
TR:188793,Sweet Soul (Gobajie),George Winston,Montana: A Love Story
TR:1123104,Reflection,Jackie Child,Fresh Start
TR:1143791,Serenity,Play & Pause: Nature,Mountain Meditation
TR:511875,Opus Rain 2nd Movement - Rain,Fiona Joy Hawkins,Portrait Of A Waterfall
TR:1926483,Pendulum,Christine Brown,The Wishing Well: Solo Piano
TR:1262734,Love Hurts,Yiruma,Piano Museum
TR:10099571,Reflections of Passion,Yanni,Chameleon Days
TR:36816118,3AM,Gerry Beckley,Horizontal Fall
TR:4823195,Beautiful,Ryan Farish,Beautiful (Deluxe Version)
TR:395752,Shine on Full Moon,Gandalf,Between Earth & Sky
TR:756464,Forest Ridge,Dan Gibson's Solitudes,Solitudes - Appalachian Mountain Suite
TR:6588167,Einaudi: Questa Notte (live),Ludovico Einaudi,La Scala Concert
TR:834836,Tip Toe Dancer And The Sea Pearl,Karen Marie Garrett,It's About The Rose
TR:1090351,Ever Enchanted,Tim Janis,Life Songs
TR:569611,This My Father's World,Lorie Line,"The Heritage Collection, Vol. 2"
TR:943724,Falling Leaves,Denise Young,Something You Dream Of...
TR:846496,Dance Of The Imagination,Greg Maroney,Wind Chimes
TR:941989,Twilight,Tim Neumark,Biography - Solo Piano
TR:52679087,Gabrielle,Stephan Moccio,THE ARCHIVES
TR:10178851,Constellation,Jim Oliver,Musical Massage InTouch
TR:36419657,Einaudi: Ombre,Ludovico Einaudi,Le Onde
TR:1548612,Ellen's Song,Emily Bear,The Love In Us
TR:18007331,Murmuring Mermaids,Lunz,Lunz
TR:906009,Once Upon A Time,Michael Dulin,Atmospheres
TR:1845496,Gentle Soul,Janice Faber,Carried Away
TR:1177366,Empire Bluff,Marc Enfroy,Unbounded
TR:2578712,Dance Of The Muse,David Nevue,While The Trees Sleep
TR:2018180,Play Hard,Krewella,Play Hard EP (Explicit)
TR:834828,It's About The Rose In The Vase On The Table,Karen Marie Garrett,It's About The Rose
TR:2297630,Through the Eclipse,Daniel Ketchum,Poems of Notes
TR:708217,The Heart Asks Pleasure First,Myleene Klass,Moving On
TR:2209477,Mission Impossible (feat. Lindsey Stirling),The Piano Guys,The Piano Guys 2
TR:6613475,Let It Be,Maneesh De Moor,Playful Yoga
TR:941986,Dawn,Tim Neumark,Biography - Solo Piano
TR:1223903,The Gift,Stephen Peppos,Follow The Mist
TR:770592,Psalm 5,David Nevue,Overcome
TR:1917545,Moon River,Bradley Joseph,Piano Love Songs
TR:395762,Eternal Sunshine,Peter Kater,Elements Series: Fire
TR:548762,Flute Lore (Altered State II Remix),Infinite Wheel,Forbidden Paradise 6: Valley Of Fire
TR:9985099,Wind,Brian Crain,Piano And Violin Duet
TR:1272731,Causeway Coastline,Michele McLaughlin,A Celtic Dream
TR:1061336,Near the Cross,Fernando Ortega,Hymns & Meditations
TR:1211188,'tis So Sweet To Trust In Jesus,Jeff Bjorck,This I Know: Ageless Hymns Of Faith
TR:2080709,The Road Home,Thad Fiscella,The Road Home
TR:770594,Walking In Shadow,David Nevue,Overcome
TR:745487,Sacred Nature,Paul Cardall,Faithful
TR:404244,Everything Must Change,Danny Wright,Soul Mates
TR:1562415,Turning,Nathan H. Taylor,Impressions
TR:1628448,David And Me,Ralph Zurmuhle,Our Mother
TR:745353,Autumn In My Heart,Fariborz Lachini,Golden Autumn 3
TR:365345,Beauty and the Beast,Jim Brickman,Jim Brickman - The Disney Songbook
TR:759366,The Old Bridge,Dan Gibson's Solitudes,Forest Cello
TR:234272,"Green Forests, Lush Meadows & Soft Rain Falling",Pure Sounds,PureSounds
TR:1917691,Night Song,Rhonda Mackert,A Wild Beauty
TR:971940,Nothing Else Matters,Scott D. Davis,Rockfluence
TR:5509023,In Time (feat. Anabel Englund) (Singularity Remix),PeaceTreaty,In Time (feat. Anabel Englund) (Remixes)
TR:770587,Broken,David Nevue,Overcome
TR:5541171,HyperParadise,Hermitude,HyperParadise (Explicit)
TR:2578614,Home,David Nevue,The Vigil
TR:943729,I'll Smile,Denise Young,Something You Dream Of...
TR:687458,L'invitation A La Mer,Jon Dahlander,Piano Landscapes: Solo Piano - Volume 1
TR:15097320,Canon in D Major,Musica para Estudiar,Piano Relajante
TR:395682,Variations On A Theme From Pachelbel's Canon In D Major,David Lanz,Return To The Heart
TR:1026429,Finding Grace,Joseph Akins,Masterpeace
TR:745333,"Perplexed, I Reached the Edge of Autumn",Fariborz Lachini,Golden Autumn 1
TR:5613172,Never Alone (Acoustic Version),BarlowGirl,Another Journal Entry (Expanded Edition)
TR:77057873,Watching Swallows Pray,Jeff Johnson & Brian Dunning,"Coming, Going"
TR:395764,Twilight,Peter Kater,Elements Series: Fire
TR:1784863,Johannes Brahams,Dan Gibson's Solitudes,Shorelines: Classical Guitar Ensemble
TR:19561647,The Butterfly,Áine Minogue,Circle of the Sun
TR:937757,Prairie,Gary Girouard,"The Naked Piano, Vol Ii"
TR:219751,Felitsa,Yanni,Love Songs
TR:508104,Wanderlust,Jim Brickman,No Words
TR:282325,Still Standing,Patrick O'Hearn,Slow Time
TR:28143681,Sea,George Winston,Autumn (Piano Solos)
TR:770582,Overcome,David Nevue,Overcome
TR:846457,The Reluctant Ballerina,Greg Maroney,Harmony Grove
TR:745447,For The Beauty Of The Earth,Jon Schmidt,Hymns Without Words
TR:1275595,When the World Belonged to Us,Jim Wilson,Beneath the Olympian Skies
TR:846455,Elementals,Greg Maroney,Harmony Grove
TR:110415406,Mammoth,"Dimitri Vegas, MOGUAI & Like Mike",Mammoth (Coone Remix Instrumental)
TR:655425,Einaudi: Ancora,Ludovico Einaudi,Una Mattina
TR:2024545,A New World,Mord Fustang,All Eyes On Mord Fustang
TR:1248711,The Dance,Doug Hammer,Solace
TR:770586,Treasure Falls,David Nevue,Overcome
TR:2220746,Singularity (Oliver Twizt Trap Remix) (feat. My Name Is Kay),Steve Aoki & Angger Dimas,Singularity (Remixes) (Single)
TR:937755,The Thinker,Gary Girouard,"The Naked Piano, Vol Ii"
TR:2041321,Stand Alone (Zorastra Remix) (feat. Jareth Johnson),Chris Lake & Lazy Rich,Stand Alone (Single)
TR:558178,Home,Lisa Lynne,Hopes & Dreams
TR:333451,After the Rain,Kevin Kern,More Than Words
TR:2318654,Greyson's Lullaby,Danny Wright,Dream A Little Dream: Classic Piano Lullabies
TR:756468,The Maritimes,Dan Gibson's Solitudes,Solitudes - Appalachian Mountain Suite
TR:903869,Earthscapes,Tom Barabas,Sedona Suite
TR:1269201,Crystal,Van Jensen,Another One?
TR:28143680,Moon,George Winston,Autumn (Piano Solos)
TR:690959,Down The Aisle (Wedding March 2),Fiona Joy Hawkins,Angel Above My Piano
TR:9805222,True Story,Barbara Higbie,Variations On A Happy Ending
TR:333448,Pastel Reflections,Kevin Kern,More Than Words
TR:971942,Stairway To Heaven,Scott D. Davis,Rockfluence
TR:1379259,Looking At The Journal,Aaron Zigman,My Sister's Keeper (Original Motion Picture Score)
TR:1090516,Equanimity,Ryan Stewart,Equanimity
TR:971943,In The End,Scott D. Davis,Rockfluence
TR:549715,In the Hollows of Trees,Gary Stadler & Singh Kaur,Fairy NightSongs
TR:555684,Whispers,Gary Stadler,Reflections of Faerie
TR:690957,3rd Movement,Fiona Joy Hawkins,Angel Above My Piano
TR:1586393,Motherless Child,Acoustic Ocean,Reflections On Still Water
TR:1081933,I Wonder,James Todd,Quiet Beauty
TR:1331734,Opalescence,Thad Fiscella,Vast - Solo Piano
